link_type,node_a,node_b,window_start_s,window_end_s
orbiter_earth,orbiter_0,earth,0,2280
orbiter_earth,orbiter_0,earth,4800,9360
orbiter_earth,orbiter_0,earth,11880,16440
orbiter_earth,orbiter_0,earth,18960,23520
orbiter_earth,orbiter_0,earth,26040,30600
orbiter_earth,orbiter_0,earth,33120,37680
orbiter_earth,orbiter_0,earth,40230,44760
orbiter_earth,orbiter_0,earth,47310,51870
orbiter_earth,orbiter_0,earth,54390,58950
orbiter_earth,orbiter_0,earth,61470,66030
orbiter_earth,orbiter_0,earth,68550,73110
orbiter_earth,orbiter_0,earth,75630,80190
orbiter_earth,orbiter_0,earth,82710,87270
orbiter_earth,orbiter_0,earth,89790,94350
orbiter_earth,orbiter_0,earth,96870,101430
orbiter_earth,orbiter_0,earth,103950,108510
orbiter_earth,orbiter_0,earth,111030,115590
orbiter_earth,orbiter_0,earth,118110,122670
orbiter_earth,orbiter_0,earth,125220,129750
orbiter_earth,orbiter_0,earth,132300,136860
orbiter_earth,orbiter_0,earth,139380,143940
orbiter_earth,orbiter_0,earth,146460,151020
orbiter_earth,orbiter_0,earth,153540,158100
orbiter_earth,orbiter_0,earth,160620,165180
orbiter_earth,orbiter_0,earth,167700,172260
orbiter_earth,orbiter_0,earth,174780,179340
orbiter_earth,orbiter_0,earth,181860,186420
orbiter_earth,orbiter_0,earth,188940,193500
orbiter_earth,orbiter_0,earth,196020,200580
orbiter_earth,orbiter_0,earth,203100,207660
orbiter_earth,orbiter_0,earth,210210,214740
orbiter_earth,orbiter_0,earth,217290,221850
orbiter_earth,orbiter_0,earth,224370,228930
orbiter_earth,orbiter_0,earth,231450,236010
orbiter_earth,orbiter_0,earth,238530,243090
orbiter_earth,orbiter_0,earth,245610,250170
orbiter_earth,orbiter_0,earth,252690,257250
orbiter_earth,orbiter_0,earth,259770,264330
orbiter_earth,orbiter_0,earth,266850,271410
orbiter_earth,orbiter_0,earth,273930,278490
orbiter_earth,orbiter_0,earth,281010,285570
orbiter_earth,orbiter_0,earth,288090,292650
orbiter_earth,orbiter_0,earth,295200,299730
orbiter_earth,orbiter_0,earth,302280,306840
orbiter_earth,orbiter_0,earth,309360,313920
orbiter_earth,orbiter_0,earth,316440,321000
orbiter_earth,orbiter_0,earth,323520,328080
orbiter_earth,orbiter_0,earth,330600,335160
orbiter_earth,orbiter_0,earth,337680,342240
orbiter_earth,orbiter_0,earth,344760,349320
orbiter_earth,orbiter_0,earth,351840,356400
orbiter_earth,orbiter_0,earth,358920,363480
orbiter_earth,orbiter_0,earth,366000,370560
orbiter_earth,orbiter_0,earth,373080,377640
orbiter_earth,orbiter_0,earth,380190,384720
orbiter_earth,orbiter_0,earth,387270,391830
orbiter_earth,orbiter_0,earth,394350,398910
orbiter_earth,orbiter_0,earth,401430,405990
orbiter_earth,orbiter_0,earth,408510,413070
orbiter_earth,orbiter_0,earth,415590,420150
orbiter_earth,orbiter_0,earth,422670,427230
orbiter_earth,orbiter_0,earth,429750,434310
orbiter_earth,orbiter_0,earth,436830,441390
orbiter_earth,orbiter_0,earth,443910,448470
orbiter_earth,orbiter_0,earth,450990,455550
orbiter_earth,orbiter_0,earth,458070,462630
orbiter_earth,orbiter_0,earth,465180,469710
orbiter_earth,orbiter_0,earth,472260,476820
orbiter_earth,orbiter_0,earth,479340,483900
orbiter_earth,orbiter_0,earth,486420,490980
orbiter_earth,orbiter_0,earth,493500,498060
orbiter_earth,orbiter_0,earth,500580,505140
orbiter_earth,orbiter_0,earth,507660,512220
orbiter_earth,orbiter_0,earth,514740,519300
orbiter_earth,orbiter_0,earth,521820,526380
orbiter_earth,orbiter_0,earth,528900,533460
orbiter_earth,orbiter_0,earth,535980,540540
orbiter_earth,orbiter_0,earth,543060,547620
orbiter_earth,orbiter_0,earth,550170,554700
orbiter_earth,orbiter_0,earth,557250,561810
orbiter_earth,orbiter_0,earth,564330,568890
orbiter_earth,orbiter_0,earth,571410,575970
orbiter_earth,orbiter_0,earth,578490,583050
orbiter_earth,orbiter_0,earth,585570,590130
orbiter_earth,orbiter_0,earth,592650,597210
orbiter_earth,orbiter_0,earth,599730,604290
orbiter_earth,orbiter_0,earth,606810,611370
orbiter_earth,orbiter_0,earth,613890,618450
orbiter_earth,orbiter_0,earth,620970,625530
orbiter_earth,orbiter_0,earth,628050,632610
orbiter_earth,orbiter_0,earth,635160,639690
orbiter_earth,orbiter_0,earth,642240,646800
orbiter_earth,orbiter_0,earth,649320,653880
orbiter_earth,orbiter_0,earth,656400,660960
orbiter_earth,orbiter_0,earth,663480,668040
orbiter_earth,orbiter_0,earth,670560,675120
orbiter_earth,orbiter_0,earth,677640,682200
orbiter_earth,orbiter_0,earth,684720,689280
orbiter_earth,orbiter_0,earth,691800,696360
orbiter_earth,orbiter_0,earth,698880,703440
orbiter_earth,orbiter_0,earth,705960,710520
orbiter_earth,orbiter_0,earth,713040,717600
orbiter_earth,orbiter_0,earth,720150,724680
orbiter_earth,orbiter_0,earth,727230,731790
orbiter_earth,orbiter_0,earth,734310,738870
orbiter_earth,orbiter_0,earth,741390,745950
orbiter_earth,orbiter_0,earth,748470,753030
orbiter_earth,orbiter_0,earth,755550,760110
orbiter_earth,orbiter_0,earth,762630,767190
orbiter_earth,orbiter_0,earth,769710,774270
orbiter_earth,orbiter_0,earth,776790,781350
orbiter_earth,orbiter_0,earth,783870,788430
orbiter_earth,orbiter_0,earth,790950,795510
orbiter_earth,orbiter_0,earth,798030,802590
orbiter_earth,orbiter_0,earth,805140,809670
orbiter_earth,orbiter_0,earth,812220,816780
orbiter_earth,orbiter_0,earth,819300,823860
orbiter_earth,orbiter_0,earth,826380,830940
orbiter_earth,orbiter_0,earth,833460,838020
orbiter_earth,orbiter_0,earth,840540,845100
orbiter_earth,orbiter_0,earth,847620,852180
orbiter_earth,orbiter_0,earth,854700,859260
orbiter_earth,orbiter_0,earth,861780,866340
orbiter_earth,orbiter_0,earth,868860,873420
orbiter_earth,orbiter_0,earth,875940,880500
orbiter_earth,orbiter_0,earth,883050,887580
orbiter_earth,orbiter_0,earth,890130,894660
orbiter_earth,orbiter_0,earth,897210,901770
orbiter_earth,orbiter_0,earth,904290,908850
orbiter_earth,orbiter_0,earth,911370,915930
orbiter_earth,orbiter_0,earth,918450,923010
orbiter_earth,orbiter_0,earth,925530,930090
orbiter_earth,orbiter_0,earth,932610,937170
orbiter_earth,orbiter_0,earth,939690,944250
orbiter_earth,orbiter_0,earth,946770,951330
orbiter_earth,orbiter_0,earth,953850,958410
orbiter_earth,orbiter_0,earth,960930,965490
orbiter_earth,orbiter_0,earth,968040,972570
orbiter_earth,orbiter_0,earth,975120,979650
orbiter_earth,orbiter_0,earth,982200,986760
orbiter_earth,orbiter_0,earth,989280,993840
orbiter_earth,orbiter_0,earth,996360,1000920
orbiter_earth,orbiter_0,earth,1003440,1008000
orbiter_earth,orbiter_0,earth,1010520,1015080
orbiter_earth,orbiter_0,earth,1017600,1022160
orbiter_earth,orbiter_0,earth,1024680,1029240
orbiter_earth,orbiter_0,earth,1031760,1036320
orbiter_earth,orbiter_0,earth,1038840,1043400
orbiter_earth,orbiter_0,earth,1045920,1050480
orbiter_earth,orbiter_0,earth,1053030,1057560
orbiter_earth,orbiter_0,earth,1060110,1064640
orbiter_earth,orbiter_0,earth,1067190,1071750
orbiter_earth,orbiter_0,earth,1074270,1078830
orbiter_earth,orbiter_0,earth,1081350,1085910
orbiter_earth,orbiter_0,earth,1088430,1092990
orbiter_earth,orbiter_0,earth,1095510,1100070
orbiter_earth,orbiter_0,earth,1102590,1107150
orbiter_earth,orbiter_0,earth,1109670,1114230
orbiter_earth,orbiter_0,earth,1116750,1121310
orbiter_earth,orbiter_0,earth,1123830,1128390
orbiter_earth,orbiter_0,earth,1130910,1135470
orbiter_earth,orbiter_0,earth,1138020,1142550
orbiter_earth,orbiter_0,earth,1145100,1149630
orbiter_earth,orbiter_0,earth,1152180,1156740
orbiter_earth,orbiter_0,earth,1159260,1163820
orbiter_earth,orbiter_0,earth,1166340,1170900
orbiter_earth,orbiter_0,earth,1173420,1177980
orbiter_earth,orbiter_0,earth,1180500,1185060
orbiter_earth,orbiter_0,earth,1187580,1192140
orbiter_earth,orbiter_0,earth,1194660,1199220
orbiter_earth,orbiter_0,earth,1201740,1206300
orbiter_earth,orbiter_0,earth,1208820,1213380
orbiter_earth,orbiter_0,earth,1215900,1220460
orbiter_earth,orbiter_0,earth,1223010,1227540
orbiter_earth,orbiter_0,earth,1230090,1234620
orbiter_earth,orbiter_0,earth,1237170,1241730
orbiter_earth,orbiter_0,earth,1244250,1248810
orbiter_earth,orbiter_0,earth,1251330,1255890
orbiter_earth,orbiter_0,earth,1258410,1262970
orbiter_earth,orbiter_0,earth,1265490,1270050
orbiter_earth,orbiter_0,earth,1272570,1277130
orbiter_earth,orbiter_0,earth,1279650,1284210
orbiter_earth,orbiter_0,earth,1286730,1291290
orbiter_earth,orbiter_0,earth,1293810,1298370
orbiter_earth,orbiter_0,earth,1300890,1305450
orbiter_earth,orbiter_0,earth,1308000,1312530
orbiter_earth,orbiter_0,earth,1315080,1319610
orbiter_earth,orbiter_0,earth,1322160,1326720
orbiter_earth,orbiter_0,earth,1329240,1333800
orbiter_earth,orbiter_0,earth,1336320,1340880
orbiter_earth,orbiter_0,earth,1343400,1347960
orbiter_earth,orbiter_0,earth,1350480,1355040
orbiter_earth,orbiter_0,earth,1357560,1362120
orbiter_earth,orbiter_0,earth,1364640,1369200
orbiter_earth,orbiter_0,earth,1371720,1376280
orbiter_earth,orbiter_0,earth,1378800,1383360
orbiter_earth,orbiter_0,earth,1385880,1390440
orbiter_earth,orbiter_0,earth,1392990,1397520
orbiter_earth,orbiter_0,earth,1400070,1404600
orbiter_earth,orbiter_0,earth,1407150,1411710
orbiter_earth,orbiter_0,earth,1414230,1418790
orbiter_earth,orbiter_0,earth,1421310,1425870
orbiter_earth,orbiter_0,earth,1428390,1432950
orbiter_earth,orbiter_0,earth,1435470,1440030
orbiter_earth,orbiter_0,earth,1442550,1447110
orbiter_earth,orbiter_0,earth,1449630,1454190
orbiter_earth,orbiter_0,earth,1456710,1461270
orbiter_earth,orbiter_0,earth,1463790,1468350
orbiter_earth,orbiter_0,earth,1470870,1475430
orbiter_earth,orbiter_0,earth,1477980,1482510
orbiter_earth,orbiter_0,earth,1485060,1489590
orbiter_earth,orbiter_0,earth,1492140,1496700
orbiter_earth,orbiter_0,earth,1499220,1503780
orbiter_earth,orbiter_0,earth,1506300,1510860
orbiter_earth,orbiter_0,earth,1513380,1517940
orbiter_earth,orbiter_0,earth,1520460,1525020
orbiter_earth,orbiter_0,earth,1527540,1532100
orbiter_earth,orbiter_0,earth,1534620,1539180
orbiter_earth,orbiter_0,earth,1541700,1546260
orbiter_earth,orbiter_0,earth,1548780,1553340
orbiter_earth,orbiter_0,earth,1555860,1560420
orbiter_earth,orbiter_0,earth,1562970,1567500
orbiter_earth,orbiter_0,earth,1570050,1574580
orbiter_earth,orbiter_0,earth,1577130,1581690
orbiter_earth,orbiter_0,earth,1584210,1588770
orbiter_earth,orbiter_0,earth,1591290,1595850
orbiter_earth,orbiter_0,earth,1598370,1602930
orbiter_earth,orbiter_0,earth,1605450,1610010
orbiter_earth,orbiter_0,earth,1612530,1617090
orbiter_earth,orbiter_0,earth,1619610,1624170
orbiter_earth,orbiter_0,earth,1626690,1631250
orbiter_earth,orbiter_0,earth,1633770,1638330
orbiter_earth,orbiter_0,earth,1640850,1645410
orbiter_earth,orbiter_0,earth,1647960,1652490
orbiter_earth,orbiter_0,earth,1655040,1659570
orbiter_earth,orbiter_0,earth,1662120,1666680
orbiter_earth,orbiter_0,earth,1669200,1673760
orbiter_earth,orbiter_0,earth,1676280,1680840
orbiter_earth,orbiter_0,earth,1683360,1687920
orbiter_earth,orbiter_0,earth,1690440,1695000
orbiter_earth,orbiter_0,earth,1697520,1702080
orbiter_earth,orbiter_0,earth,1704600,1709160
orbiter_earth,orbiter_0,earth,1711680,1716240
orbiter_earth,orbiter_0,earth,1718760,1723320
orbiter_earth,orbiter_0,earth,1725840,1730400
orbiter_earth,orbiter_0,earth,1732950,1737480
orbiter_earth,orbiter_0,earth,1740030,1744560
orbiter_earth,orbiter_0,earth,1747110,1751670
orbiter_earth,orbiter_0,earth,1754190,1758750
orbiter_earth,orbiter_0,earth,1761270,1765830
orbiter_earth,orbiter_0,earth,1768350,1772910
orbiter_earth,orbiter_0,earth,1775430,1779990
orbiter_earth,orbiter_0,earth,1782510,1787070
orbiter_earth,orbiter_0,earth,1789590,1794150
orbiter_earth,orbiter_0,earth,1796670,1801230
orbiter_earth,orbiter_0,earth,1803750,1808310
orbiter_earth,orbiter_0,earth,1810830,1815390
orbiter_earth,orbiter_0,earth,1817940,1822470
orbiter_earth,orbiter_0,earth,1825020,1829550
orbiter_earth,orbiter_0,earth,1832100,1836660
orbiter_earth,orbiter_0,earth,1839180,1843740
orbiter_earth,orbiter_0,earth,1846260,1850820
orbiter_earth,orbiter_0,earth,1853340,1857900
orbiter_earth,orbiter_0,earth,1860420,1864980
orbiter_earth,orbiter_0,earth,1867500,1872060
orbiter_earth,orbiter_0,earth,1874580,1879140
orbiter_earth,orbiter_0,earth,1881660,1886220
orbiter_earth,orbiter_0,earth,1888740,1893300
orbiter_earth,orbiter_0,earth,1895820,1900380
orbiter_earth,orbiter_0,earth,1902930,1907460
orbiter_earth,orbiter_0,earth,1910010,1914540
orbiter_earth,orbiter_0,earth,1917090,1921650
orbiter_earth,orbiter_0,earth,1924170,1928730
orbiter_earth,orbiter_0,earth,1931250,1935810
orbiter_earth,orbiter_0,earth,1938330,1942890
orbiter_earth,orbiter_0,earth,1945410,1949970
orbiter_earth,orbiter_0,earth,1952490,1957050
orbiter_earth,orbiter_0,earth,1959570,1964130
orbiter_earth,orbiter_0,earth,1966650,1971210
orbiter_earth,orbiter_0,earth,1973730,1978290
orbiter_earth,orbiter_0,earth,1980810,1985370
orbiter_earth,orbiter_0,earth,1987920,1992450
orbiter_earth,orbiter_0,earth,1995000,1999530
orbiter_earth,orbiter_0,earth,2002080,2006640
orbiter_earth,orbiter_0,earth,2009160,2013720
orbiter_earth,orbiter_0,earth,2016240,2020800
orbiter_earth,orbiter_0,earth,2023320,2027880
orbiter_earth,orbiter_0,earth,2030400,2034960
orbiter_earth,orbiter_0,earth,2037480,2042040
orbiter_earth,orbiter_0,earth,2044560,2049120
orbiter_earth,orbiter_0,earth,2051640,2056200
orbiter_earth,orbiter_0,earth,2058720,2063280
orbiter_earth,orbiter_0,earth,2065800,2070360
orbiter_earth,orbiter_0,earth,2072910,2077440
orbiter_earth,orbiter_0,earth,2079990,2084550
orbiter_earth,orbiter_0,earth,2087070,2091630
orbiter_earth,orbiter_0,earth,2094150,2098710
orbiter_earth,orbiter_0,earth,2101230,2105790
orbiter_earth,orbiter_0,earth,2108310,2112870
orbiter_earth,orbiter_0,earth,2115390,2119950
orbiter_earth,orbiter_0,earth,2122470,2127030
orbiter_earth,orbiter_0,earth,2129550,2134110
orbiter_earth,orbiter_0,earth,2136630,2141190
orbiter_earth,orbiter_0,earth,2143710,2148270
orbiter_earth,orbiter_0,earth,2150790,2155350
orbiter_earth,orbiter_0,earth,2157900,2162430
orbiter_earth,orbiter_0,earth,2164980,2169540
orbiter_earth,orbiter_0,earth,2172060,2176620
orbiter_earth,orbiter_0,earth,2179140,2183700
orbiter_earth,orbiter_0,earth,2186220,2190780
orbiter_earth,orbiter_0,earth,2193300,2197860
orbiter_earth,orbiter_0,earth,2200380,2204940
orbiter_earth,orbiter_0,earth,2207460,2212020
orbiter_earth,orbiter_0,earth,2214540,2219100
orbiter_earth,orbiter_0,earth,2221620,2226180
orbiter_earth,orbiter_0,earth,2228700,2233260
orbiter_earth,orbiter_0,earth,2235780,2240340
orbiter_earth,orbiter_0,earth,2242890,2247420
orbiter_earth,orbiter_0,earth,2249970,2254530
orbiter_earth,orbiter_0,earth,2257050,2261610
orbiter_earth,orbiter_0,earth,2264130,2268690
orbiter_earth,orbiter_0,earth,2271210,2275770
orbiter_earth,orbiter_0,earth,2278290,2282850
orbiter_earth,orbiter_0,earth,2285370,2289930
orbiter_earth,orbiter_0,earth,2292450,2297010
orbiter_earth,orbiter_0,earth,2299530,2304090
orbiter_earth,orbiter_0,earth,2306610,2311170
orbiter_earth,orbiter_0,earth,2313690,2318250
orbiter_earth,orbiter_0,earth,2320770,2325330
orbiter_earth,orbiter_0,earth,2327880,2332410
orbiter_earth,orbiter_0,earth,2334960,2339520
orbiter_earth,orbiter_0,earth,2342040,2346600
orbiter_earth,orbiter_0,earth,2349120,2353680
orbiter_earth,orbiter_0,earth,2356200,2360760
orbiter_earth,orbiter_0,earth,2363280,2367840
orbiter_earth,orbiter_0,earth,2370360,2374920
orbiter_earth,orbiter_0,earth,2377440,2382000
orbiter_earth,orbiter_0,earth,2384520,2389080
orbiter_earth,orbiter_0,earth,2391600,2396160
orbiter_earth,orbiter_0,earth,2398680,2403240
orbiter_earth,orbiter_0,earth,2405760,2410320
orbiter_earth,orbiter_0,earth,2412870,2417400
orbiter_earth,orbiter_0,earth,2419950,2424510
orbiter_earth,orbiter_0,earth,2427030,2431590
orbiter_earth,orbiter_0,earth,2434110,2438670
orbiter_earth,orbiter_0,earth,2441190,2445750
orbiter_earth,orbiter_0,earth,2448270,2452830
orbiter_earth,orbiter_0,earth,2455350,2459910
orbiter_earth,orbiter_0,earth,2462430,2466990
orbiter_earth,orbiter_0,earth,2469510,2474070
orbiter_earth,orbiter_0,earth,2476590,2481150
orbiter_earth,orbiter_0,earth,2483670,2488230
orbiter_earth,orbiter_0,earth,2490750,2495310
orbiter_earth,orbiter_0,earth,2497860,2502390
orbiter_earth,orbiter_0,earth,2504940,2509500
orbiter_earth,orbiter_0,earth,2512020,2516580
orbiter_earth,orbiter_0,earth,2519100,2523660
orbiter_earth,orbiter_0,earth,2526180,2530740
orbiter_earth,orbiter_0,earth,2533260,2537820
orbiter_earth,orbiter_0,earth,2540340,2544900
orbiter_earth,orbiter_0,earth,2547420,2551980
orbiter_earth,orbiter_0,earth,2554500,2559060
orbiter_earth,orbiter_0,earth,2561580,2566140
orbiter_earth,orbiter_0,earth,2568660,2573220
orbiter_earth,orbiter_0,earth,2575740,2580300
orbiter_earth,orbiter_0,earth,2582850,2587380
orbiter_earth,orbiter_0,earth,2589930,2592000
orbiter_earth,orbiter_1,earth,0,510
orbiter_earth,orbiter_1,earth,3030,7590
orbiter_earth,orbiter_1,earth,10110,14670
orbiter_earth,orbiter_1,earth,17190,21750
orbiter_earth,orbiter_1,earth,24270,28830
orbiter_earth,orbiter_1,earth,31350,35910
orbiter_earth,orbiter_1,earth,38460,42990
orbiter_earth,orbiter_1,earth,45540,50100
orbiter_earth,orbiter_1,earth,52620,57180
orbiter_earth,orbiter_1,earth,59700,64260
orbiter_earth,orbiter_1,earth,66780,71340
orbiter_earth,orbiter_1,earth,73860,78420
orbiter_earth,orbiter_1,earth,80940,85500
orbiter_earth,orbiter_1,earth,88020,92580
orbiter_earth,orbiter_1,earth,95100,99660
orbiter_earth,orbiter_1,earth,102180,106740
orbiter_earth,orbiter_1,earth,109260,113820
orbiter_earth,orbiter_1,earth,116340,120900
orbiter_earth,orbiter_1,earth,123450,127980
orbiter_earth,orbiter_1,earth,130530,135090
orbiter_earth,orbiter_1,earth,137610,142170
orbiter_earth,orbiter_1,earth,144690,149250
orbiter_earth,orbiter_1,earth,151770,156330
orbiter_earth,orbiter_1,earth,158850,163410
orbiter_earth,orbiter_1,earth,165930,170490
orbiter_earth,orbiter_1,earth,173010,177570
orbiter_earth,orbiter_1,earth,180090,184650
orbiter_earth,orbiter_1,earth,187170,191730
orbiter_earth,orbiter_1,earth,194250,198810
orbiter_earth,orbiter_1,earth,201330,205890
orbiter_earth,orbiter_1,earth,208440,212970
orbiter_earth,orbiter_1,earth,215520,220080
orbiter_earth,orbiter_1,earth,222600,227160
orbiter_earth,orbiter_1,earth,229680,234240
orbiter_earth,orbiter_1,earth,236760,241320
orbiter_earth,orbiter_1,earth,243840,248400
orbiter_earth,orbiter_1,earth,250920,255480
orbiter_earth,orbiter_1,earth,258000,262560
orbiter_earth,orbiter_1,earth,265080,269640
orbiter_earth,orbiter_1,earth,272160,276720
orbiter_earth,orbiter_1,earth,279240,283800
orbiter_earth,orbiter_1,earth,286320,290880
orbiter_earth,orbiter_1,earth,293430,297960
orbiter_earth,orbiter_1,earth,300510,305070
orbiter_earth,orbiter_1,earth,307590,312150
orbiter_earth,orbiter_1,earth,314670,319230
orbiter_earth,orbiter_1,earth,321750,326310
orbiter_earth,orbiter_1,earth,328830,333390
orbiter_earth,orbiter_1,earth,335910,340470
orbiter_earth,orbiter_1,earth,342990,347550
orbiter_earth,orbiter_1,earth,350070,354630
orbiter_earth,orbiter_1,earth,357150,361710
orbiter_earth,orbiter_1,earth,364230,368790
orbiter_earth,orbiter_1,earth,371310,375870
orbiter_earth,orbiter_1,earth,378420,382950
orbiter_earth,orbiter_1,earth,385500,390060
orbiter_earth,orbiter_1,earth,392580,397140
orbiter_earth,orbiter_1,earth,399660,404220
orbiter_earth,orbiter_1,earth,406740,411300
orbiter_earth,orbiter_1,earth,413820,418380
orbiter_earth,orbiter_1,earth,420900,425460
orbiter_earth,orbiter_1,earth,427980,432540
orbiter_earth,orbiter_1,earth,435060,439620
orbiter_earth,orbiter_1,earth,442140,446700
orbiter_earth,orbiter_1,earth,449220,453780
orbiter_earth,orbiter_1,earth,456300,460860
orbiter_earth,orbiter_1,earth,463410,467940
orbiter_earth,orbiter_1,earth,470490,475050
orbiter_earth,orbiter_1,earth,477570,482130
orbiter_earth,orbiter_1,earth,484650,489210
orbiter_earth,orbiter_1,earth,491730,496290
orbiter_earth,orbiter_1,earth,498810,503370
orbiter_earth,orbiter_1,earth,505890,510450
orbiter_earth,orbiter_1,earth,512970,517530
orbiter_earth,orbiter_1,earth,520050,524610
orbiter_earth,orbiter_1,earth,527130,531690
orbiter_earth,orbiter_1,earth,534210,538770
orbiter_earth,orbiter_1,earth,541290,545850
orbiter_earth,orbiter_1,earth,548400,552930
orbiter_earth,orbiter_1,earth,555480,560040
orbiter_earth,orbiter_1,earth,562560,567120
orbiter_earth,orbiter_1,earth,569640,574200
orbiter_earth,orbiter_1,earth,576720,581280
orbiter_earth,orbiter_1,earth,583800,588360
orbiter_earth,orbiter_1,earth,590880,595440
orbiter_earth,orbiter_1,earth,597960,602520
orbiter_earth,orbiter_1,earth,605040,609600
orbiter_earth,orbiter_1,earth,612120,616680
orbiter_earth,orbiter_1,earth,619200,623760
orbiter_earth,orbiter_1,earth,626280,630840
orbiter_earth,orbiter_1,earth,633390,637920
orbiter_earth,orbiter_1,earth,640470,645030
orbiter_earth,orbiter_1,earth,647550,652110
orbiter_earth,orbiter_1,earth,654630,659190
orbiter_earth,orbiter_1,earth,661710,666270
orbiter_earth,orbiter_1,earth,668790,673350
orbiter_earth,orbiter_1,earth,675870,680430
orbiter_earth,orbiter_1,earth,682950,687510
orbiter_earth,orbiter_1,earth,690030,694590
orbiter_earth,orbiter_1,earth,697110,701670
orbiter_earth,orbiter_1,earth,704190,708750
orbiter_earth,orbiter_1,earth,711270,715830
orbiter_earth,orbiter_1,earth,718380,722910
orbiter_earth,orbiter_1,earth,725460,730020
orbiter_earth,orbiter_1,earth,732540,737100
orbiter_earth,orbiter_1,earth,739620,744180
orbiter_earth,orbiter_1,earth,746700,751260
orbiter_earth,orbiter_1,earth,753780,758340
orbiter_earth,orbiter_1,earth,760860,765420
orbiter_earth,orbiter_1,earth,767940,772500
orbiter_earth,orbiter_1,earth,775020,779580
orbiter_earth,orbiter_1,earth,782100,786660
orbiter_earth,orbiter_1,earth,789180,793740
orbiter_earth,orbiter_1,earth,796260,800820
orbiter_earth,orbiter_1,earth,803370,807900
orbiter_earth,orbiter_1,earth,810450,815010
orbiter_earth,orbiter_1,earth,817530,822090
orbiter_earth,orbiter_1,earth,824610,829170
orbiter_earth,orbiter_1,earth,831690,836250
orbiter_earth,orbiter_1,earth,838770,843330
orbiter_earth,orbiter_1,earth,845850,850410
orbiter_earth,orbiter_1,earth,852930,857490
orbiter_earth,orbiter_1,earth,860010,864570
orbiter_earth,orbiter_1,earth,867090,871650
orbiter_earth,orbiter_1,earth,874170,878730
orbiter_earth,orbiter_1,earth,881250,885810
orbiter_earth,orbiter_1,earth,888360,892890
orbiter_earth,orbiter_1,earth,895440,900000
orbiter_earth,orbiter_1,earth,902520,907080
orbiter_earth,orbiter_1,earth,909600,914160
orbiter_earth,orbiter_1,earth,916680,921240
orbiter_earth,orbiter_1,earth,923760,928320
orbiter_earth,orbiter_1,earth,930840,935400
orbiter_earth,orbiter_1,earth,937920,942480
orbiter_earth,orbiter_1,earth,945000,949560
orbiter_earth,orbiter_1,earth,952080,956640
orbiter_earth,orbiter_1,earth,959160,963720
orbiter_earth,orbiter_1,earth,966240,970800
orbiter_earth,orbiter_1,earth,973350,977880
orbiter_earth,orbiter_1,earth,980430,984990
orbiter_earth,orbiter_1,earth,987510,992070
orbiter_earth,orbiter_1,earth,994590,999150
orbiter_earth,orbiter_1,earth,1001670,1006230
orbiter_earth,orbiter_1,earth,1008750,1013310
orbiter_earth,orbiter_1,earth,1015830,1020390
orbiter_earth,orbiter_1,earth,1022910,1027470
orbiter_earth,orbiter_1,earth,1029990,1034550
orbiter_earth,orbiter_1,earth,1037070,1041630
orbiter_earth,orbiter_1,earth,1044150,1048710
orbiter_earth,orbiter_1,earth,1051230,1055790
orbiter_earth,orbiter_1,earth,1058340,1062870
orbiter_earth,orbiter_1,earth,1065420,1069980
orbiter_earth,orbiter_1,earth,1072500,1077060
orbiter_earth,orbiter_1,earth,1079580,1084140
orbiter_earth,orbiter_1,earth,1086660,1091220
orbiter_earth,orbiter_1,earth,1093740,1098300
orbiter_earth,orbiter_1,earth,1100820,1105380
orbiter_earth,orbiter_1,earth,1107900,1112460
orbiter_earth,orbiter_1,earth,1114980,1119540
orbiter_earth,orbiter_1,earth,1122060,1126620
orbiter_earth,orbiter_1,earth,1129140,1133700
orbiter_earth,orbiter_1,earth,1136220,1140780
orbiter_earth,orbiter_1,earth,1143330,1147860
orbiter_earth,orbiter_1,earth,1150410,1154970
orbiter_earth,orbiter_1,earth,1157490,1162050
orbiter_earth,orbiter_1,earth,1164570,1169130
orbiter_earth,orbiter_1,earth,1171650,1176210
orbiter_earth,orbiter_1,earth,1178730,1183290
orbiter_earth,orbiter_1,earth,1185810,1190370
orbiter_earth,orbiter_1,earth,1192890,1197450
orbiter_earth,orbiter_1,earth,1199970,1204530
orbiter_earth,orbiter_1,earth,1207050,1211610
orbiter_earth,orbiter_1,earth,1214130,1218690
orbiter_earth,orbiter_1,earth,1221210,1225770
orbiter_earth,orbiter_1,earth,1228320,1232850
orbiter_earth,orbiter_1,earth,1235400,1239960
orbiter_earth,orbiter_1,earth,1242480,1247040
orbiter_earth,orbiter_1,earth,1249560,1254120
orbiter_earth,orbiter_1,earth,1256640,1261200
orbiter_earth,orbiter_1,earth,1263720,1268280
orbiter_earth,orbiter_1,earth,1270800,1275360
orbiter_earth,orbiter_1,earth,1277880,1282440
orbiter_earth,orbiter_1,earth,1284960,1289520
orbiter_earth,orbiter_1,earth,1292040,1296600
orbiter_earth,orbiter_1,earth,1299120,1303680
orbiter_earth,orbiter_1,earth,1306200,1310760
orbiter_earth,orbiter_1,earth,1313310,1317840
orbiter_earth,orbiter_1,earth,1320390,1324950
orbiter_earth,orbiter_1,earth,1327470,1332030
orbiter_earth,orbiter_1,earth,1334550,1339110
orbiter_earth,orbiter_1,earth,1341630,1346190
orbiter_earth,orbiter_1,earth,1348710,1353270
orbiter_earth,orbiter_1,earth,1355790,1360350
orbiter_earth,orbiter_1,earth,1362870,1367430
orbiter_earth,orbiter_1,earth,1369950,1374510
orbiter_earth,orbiter_1,earth,1377030,1381590
orbiter_earth,orbiter_1,earth,1384110,1388670
orbiter_earth,orbiter_1,earth,1391190,1395750
orbiter_earth,orbiter_1,earth,1398300,1402830
orbiter_earth,orbiter_1,earth,1405380,1409940
orbiter_earth,orbiter_1,earth,1412460,1417020
orbiter_earth,orbiter_1,earth,1419540,1424100
orbiter_earth,orbiter_1,earth,1426620,1431180
orbiter_earth,orbiter_1,earth,1433700,1438260
orbiter_earth,orbiter_1,earth,1440780,1445340
orbiter_earth,orbiter_1,earth,1447860,1452420
orbiter_earth,orbiter_1,earth,1454940,1459500
orbiter_earth,orbiter_1,earth,1462020,1466580
orbiter_earth,orbiter_1,earth,1469100,1473660
orbiter_earth,orbiter_1,earth,1476180,1480740
orbiter_earth,orbiter_1,earth,1483290,1487820
orbiter_earth,orbiter_1,earth,1490370,1494930
orbiter_earth,orbiter_1,earth,1497450,1502010
orbiter_earth,orbiter_1,earth,1504530,1509090
orbiter_earth,orbiter_1,earth,1511610,1516170
orbiter_earth,orbiter_1,earth,1518690,1523250
orbiter_earth,orbiter_1,earth,1525770,1530330
orbiter_earth,orbiter_1,earth,1532850,1537410
orbiter_earth,orbiter_1,earth,1539930,1544490
orbiter_earth,orbiter_1,earth,1547010,1551570
orbiter_earth,orbiter_1,earth,1554090,1558650
orbiter_earth,orbiter_1,earth,1561200,1565730
orbiter_earth,orbiter_1,earth,1568280,1572810
orbiter_earth,orbiter_1,earth,1575360,1579920
orbiter_earth,orbiter_1,earth,1582440,1587000
orbiter_earth,orbiter_1,earth,1589520,1594080
orbiter_earth,orbiter_1,earth,1596600,1601160
orbiter_earth,orbiter_1,earth,1603680,1608240
orbiter_earth,orbiter_1,earth,1610760,1615320
orbiter_earth,orbiter_1,earth,1617840,1622400
orbiter_earth,orbiter_1,earth,1624920,1629480
orbiter_earth,orbiter_1,earth,1632000,1636560
orbiter_earth,orbiter_1,earth,1639080,1643640
orbiter_earth,orbiter_1,earth,1646190,1650720
orbiter_earth,orbiter_1,earth,1653270,1657800
orbiter_earth,orbiter_1,earth,1660350,1664910
orbiter_earth,orbiter_1,earth,1667430,1671990
orbiter_earth,orbiter_1,earth,1674510,1679070
orbiter_earth,orbiter_1,earth,1681590,1686150
orbiter_earth,orbiter_1,earth,1688670,1693230
orbiter_earth,orbiter_1,earth,1695750,1700310
orbiter_earth,orbiter_1,earth,1702830,1707390
orbiter_earth,orbiter_1,earth,1709910,1714470
orbiter_earth,orbiter_1,earth,1716990,1721550
orbiter_earth,orbiter_1,earth,1724070,1728630
orbiter_earth,orbiter_1,earth,1731180,1735710
orbiter_earth,orbiter_1,earth,1738260,1742790
orbiter_earth,orbiter_1,earth,1745340,1749900
orbiter_earth,orbiter_1,earth,1752420,1756980
orbiter_earth,orbiter_1,earth,1759500,1764060
orbiter_earth,orbiter_1,earth,1766580,1771140
orbiter_earth,orbiter_1,earth,1773660,1778220
orbiter_earth,orbiter_1,earth,1780740,1785300
orbiter_earth,orbiter_1,earth,1787820,1792380
orbiter_earth,orbiter_1,earth,1794900,1799460
orbiter_earth,orbiter_1,earth,1801980,1806540
orbiter_earth,orbiter_1,earth,1809060,1813620
orbiter_earth,orbiter_1,earth,1816170,1820700
orbiter_earth,orbiter_1,earth,1823250,1827780
orbiter_earth,orbiter_1,earth,1830330,1834890
orbiter_earth,orbiter_1,earth,1837410,1841970
orbiter_earth,orbiter_1,earth,1844490,1849050
orbiter_earth,orbiter_1,earth,1851570,1856130
orbiter_earth,orbiter_1,earth,1858650,1863210
orbiter_earth,orbiter_1,earth,1865730,1870290
orbiter_earth,orbiter_1,earth,1872810,1877370
orbiter_earth,orbiter_1,earth,1879890,1884450
orbiter_earth,orbiter_1,earth,1886970,1891530
orbiter_earth,orbiter_1,earth,1894050,1898610
orbiter_earth,orbiter_1,earth,1901160,1905690
orbiter_earth,orbiter_1,earth,1908240,1912770
orbiter_earth,orbiter_1,earth,1915320,1919880
orbiter_earth,orbiter_1,earth,1922400,1926960
orbiter_earth,orbiter_1,earth,1929480,1934040
orbiter_earth,orbiter_1,earth,1936560,1941120
orbiter_earth,orbiter_1,earth,1943640,1948200
orbiter_earth,orbiter_1,earth,1950720,1955280
orbiter_earth,orbiter_1,earth,1957800,1962360
orbiter_earth,orbiter_1,earth,1964880,1969440
orbiter_earth,orbiter_1,earth,1971960,1976520
orbiter_earth,orbiter_1,earth,1979040,1983600
orbiter_earth,orbiter_1,earth,1986150,1990680
orbiter_earth,orbiter_1,earth,1993230,1997760
orbiter_earth,orbiter_1,earth,2000310,2004870
orbiter_earth,orbiter_1,earth,2007390,2011950
orbiter_earth,orbiter_1,earth,2014470,2019030
orbiter_earth,orbiter_1,earth,2021550,2026110
orbiter_earth,orbiter_1,earth,2028630,2033190
orbiter_earth,orbiter_1,earth,2035710,2040270
orbiter_earth,orbiter_1,earth,2042790,2047350
orbiter_earth,orbiter_1,earth,2049870,2054430
orbiter_earth,orbiter_1,earth,2056950,2061510
orbiter_earth,orbiter_1,earth,2064030,2068590
orbiter_earth,orbiter_1,earth,2071140,2075670
orbiter_earth,orbiter_1,earth,2078220,2082750
orbiter_earth,orbiter_1,earth,2085300,2089860
orbiter_earth,orbiter_1,earth,2092380,2096940
orbiter_earth,orbiter_1,earth,2099460,2104020
orbiter_earth,orbiter_1,earth,2106540,2111100
orbiter_earth,orbiter_1,earth,2113620,2118180
orbiter_earth,orbiter_1,earth,2120700,2125260
orbiter_earth,orbiter_1,earth,2127780,2132340
orbiter_earth,orbiter_1,earth,2134860,2139420
orbiter_earth,orbiter_1,earth,2141940,2146500
orbiter_earth,orbiter_1,earth,2149020,2153580
orbiter_earth,orbiter_1,earth,2156130,2160660
orbiter_earth,orbiter_1,earth,2163210,2167740
orbiter_earth,orbiter_1,earth,2170290,2174850
orbiter_earth,orbiter_1,earth,2177370,2181930
orbiter_earth,orbiter_1,earth,2184450,2189010
orbiter_earth,orbiter_1,earth,2191530,2196090
orbiter_earth,orbiter_1,earth,2198610,2203170
orbiter_earth,orbiter_1,earth,2205690,2210250
orbiter_earth,orbiter_1,earth,2212770,2217330
orbiter_earth,orbiter_1,earth,2219850,2224410
orbiter_earth,orbiter_1,earth,2226930,2231490
orbiter_earth,orbiter_1,earth,2234010,2238570
orbiter_earth,orbiter_1,earth,2241120,2245650
orbiter_earth,orbiter_1,earth,2248200,2252730
orbiter_earth,orbiter_1,earth,2255280,2259840
orbiter_earth,orbiter_1,earth,2262360,2266920
orbiter_earth,orbiter_1,earth,2269440,2274000
orbiter_earth,orbiter_1,earth,2276520,2281080
orbiter_earth,orbiter_1,earth,2283600,2288160
orbiter_earth,orbiter_1,earth,2290680,2295240
orbiter_earth,orbiter_1,earth,2297760,2302320
orbiter_earth,orbiter_1,earth,2304840,2309400
orbiter_earth,orbiter_1,earth,2311920,2316480
orbiter_earth,orbiter_1,earth,2319000,2323560
orbiter_earth,orbiter_1,earth,2326110,2330640
orbiter_earth,orbiter_1,earth,2333190,2337720
orbiter_earth,orbiter_1,earth,2340270,2344830
orbiter_earth,orbiter_1,earth,2347350,2351910
orbiter_earth,orbiter_1,earth,2354430,2358990
orbiter_earth,orbiter_1,earth,2361510,2366070
orbiter_earth,orbiter_1,earth,2368590,2373150
orbiter_earth,orbiter_1,earth,2375670,2380230
orbiter_earth,orbiter_1,earth,2382750,2387310
orbiter_earth,orbiter_1,earth,2389830,2394390
orbiter_earth,orbiter_1,earth,2396910,2401470
orbiter_earth,orbiter_1,earth,2403990,2408550
orbiter_earth,orbiter_1,earth,2411100,2415630
orbiter_earth,orbiter_1,earth,2418180,2422710
orbiter_earth,orbiter_1,earth,2425260,2429820
orbiter_earth,orbiter_1,earth,2432340,2436900
orbiter_earth,orbiter_1,earth,2439420,2443980
orbiter_earth,orbiter_1,earth,2446500,2451060
orbiter_earth,orbiter_1,earth,2453580,2458140
orbiter_earth,orbiter_1,earth,2460660,2465220
orbiter_earth,orbiter_1,earth,2467740,2472300
orbiter_earth,orbiter_1,earth,2474820,2479380
orbiter_earth,orbiter_1,earth,2481900,2486460
orbiter_earth,orbiter_1,earth,2488980,2493540
orbiter_earth,orbiter_1,earth,2496090,2500620
orbiter_earth,orbiter_1,earth,2503170,2507700
orbiter_earth,orbiter_1,earth,2510250,2514810
orbiter_earth,orbiter_1,earth,2517330,2521890
orbiter_earth,orbiter_1,earth,2524410,2528970
orbiter_earth,orbiter_1,earth,2531490,2536050
orbiter_earth,orbiter_1,earth,2538570,2543130
orbiter_earth,orbiter_1,earth,2545650,2550210
orbiter_earth,orbiter_1,earth,2552730,2557290
orbiter_earth,orbiter_1,earth,2559810,2564370
orbiter_earth,orbiter_1,earth,2566890,2571450
orbiter_earth,orbiter_1,earth,2573970,2578530
orbiter_earth,orbiter_1,earth,2581080,2585610
orbiter_earth,orbiter_1,earth,2588160,2592000
orbiter_earth,orbiter_2,earth,1260,5820
orbiter_earth,orbiter_2,earth,8340,12900
orbiter_earth,orbiter_2,earth,15420,19980
orbiter_earth,orbiter_2,earth,22500,27060
orbiter_earth,orbiter_2,earth,29580,34140
orbiter_earth,orbiter_2,earth,36690,41220
orbiter_earth,orbiter_2,earth,43770,48300
orbiter_earth,orbiter_2,earth,50850,55410
orbiter_earth,orbiter_2,earth,57930,62490
orbiter_earth,orbiter_2,earth,65010,69570
orbiter_earth,orbiter_2,earth,72090,76650
orbiter_earth,orbiter_2,earth,79170,83730
orbiter_earth,orbiter_2,earth,86250,90810
orbiter_earth,orbiter_2,earth,93330,97890
orbiter_earth,orbiter_2,earth,100410,104970
orbiter_earth,orbiter_2,earth,107490,112050
orbiter_earth,orbiter_2,earth,114570,119130
orbiter_earth,orbiter_2,earth,121680,126210
orbiter_earth,orbiter_2,earth,128760,133290
orbiter_earth,orbiter_2,earth,135840,140400
orbiter_earth,orbiter_2,earth,142920,147480
orbiter_earth,orbiter_2,earth,150000,154560
orbiter_earth,orbiter_2,earth,157080,161640
orbiter_earth,orbiter_2,earth,164160,168720
orbiter_earth,orbiter_2,earth,171240,175800
orbiter_earth,orbiter_2,earth,178320,182880
orbiter_earth,orbiter_2,earth,185400,189960
orbiter_earth,orbiter_2,earth,192480,197040
orbiter_earth,orbiter_2,earth,199560,204120
orbiter_earth,orbiter_2,earth,206670,211200
orbiter_earth,orbiter_2,earth,213750,218280
orbiter_earth,orbiter_2,earth,220830,225390
orbiter_earth,orbiter_2,earth,227910,232470
orbiter_earth,orbiter_2,earth,234990,239550
orbiter_earth,orbiter_2,earth,242070,246630
orbiter_earth,orbiter_2,earth,249150,253710
orbiter_earth,orbiter_2,earth,256230,260790
orbiter_earth,orbiter_2,earth,263310,267870
orbiter_earth,orbiter_2,earth,270390,274950
orbiter_earth,orbiter_2,earth,277470,282030
orbiter_earth,orbiter_2,earth,284550,289110
orbiter_earth,orbiter_2,earth,291660,296190
orbiter_earth,orbiter_2,earth,298740,303270
orbiter_earth,orbiter_2,earth,305820,310380
orbiter_earth,orbiter_2,earth,312900,317460
orbiter_earth,orbiter_2,earth,319980,324540
orbiter_earth,orbiter_2,earth,327060,331620
orbiter_earth,orbiter_2,earth,334140,338700
orbiter_earth,orbiter_2,earth,341220,345780
orbiter_earth,orbiter_2,earth,348300,352860
orbiter_earth,orbiter_2,earth,355380,359940
orbiter_earth,orbiter_2,earth,362460,367020
orbiter_earth,orbiter_2,earth,369540,374100
orbiter_earth,orbiter_2,earth,376650,381180
orbiter_earth,orbiter_2,earth,383730,388260
orbiter_earth,orbiter_2,earth,390810,395370
orbiter_earth,orbiter_2,earth,397890,402450
orbiter_earth,orbiter_2,earth,404970,409530
orbiter_earth,orbiter_2,earth,412050,416610
orbiter_earth,orbiter_2,earth,419130,423690
orbiter_earth,orbiter_2,earth,426210,430770
orbiter_earth,orbiter_2,earth,433290,437850
orbiter_earth,orbiter_2,earth,440370,444930
orbiter_earth,orbiter_2,earth,447450,452010
orbiter_earth,orbiter_2,earth,454530,459090
orbiter_earth,orbiter_2,earth,461640,466170
orbiter_earth,orbiter_2,earth,468720,473250
orbiter_earth,orbiter_2,earth,475800,480360
orbiter_earth,orbiter_2,earth,482880,487440
orbiter_earth,orbiter_2,earth,489960,494520
orbiter_earth,orbiter_2,earth,497040,501600
orbiter_earth,orbiter_2,earth,504120,508680
orbiter_earth,orbiter_2,earth,511200,515760
orbiter_earth,orbiter_2,earth,518280,522840
orbiter_earth,orbiter_2,earth,525360,529920
orbiter_earth,orbiter_2,earth,532440,537000
orbiter_earth,orbiter_2,earth,539520,544080
orbiter_earth,orbiter_2,earth,546630,551160
orbiter_earth,orbiter_2,earth,553710,558240
orbiter_earth,orbiter_2,earth,560790,565350
orbiter_earth,orbiter_2,earth,567870,572430
orbiter_earth,orbiter_2,earth,574950,579510
orbiter_earth,orbiter_2,earth,582030,586590
orbiter_earth,orbiter_2,earth,589110,593670
orbiter_earth,orbiter_2,earth,596190,600750
orbiter_earth,orbiter_2,earth,603270,607830
orbiter_earth,orbiter_2,earth,610350,614910
orbiter_earth,orbiter_2,earth,617430,621990
orbiter_earth,orbiter_2,earth,624510,629070
orbiter_earth,orbiter_2,earth,631620,636150
orbiter_earth,orbiter_2,earth,638700,643260
orbiter_earth,orbiter_2,earth,645780,650340
orbiter_earth,orbiter_2,earth,652860,657420
orbiter_earth,orbiter_2,earth,659940,664500
orbiter_earth,orbiter_2,earth,667020,671580
orbiter_earth,orbiter_2,earth,674100,678660
orbiter_earth,orbiter_2,earth,681180,685740
orbiter_earth,orbiter_2,earth,688260,692820
orbiter_earth,orbiter_2,earth,695340,699900
orbiter_earth,orbiter_2,earth,702420,706980
orbiter_earth,orbiter_2,earth,709500,714060
orbiter_earth,orbiter_2,earth,716610,721140
orbiter_earth,orbiter_2,earth,723690,728250
orbiter_earth,orbiter_2,earth,730770,735330
orbiter_earth,orbiter_2,earth,737850,742410
orbiter_earth,orbiter_2,earth,744930,749490
orbiter_earth,orbiter_2,earth,752010,756570
orbiter_earth,orbiter_2,earth,759090,763650
orbiter_earth,orbiter_2,earth,766170,770730
orbiter_earth,orbiter_2,earth,773250,777810
orbiter_earth,orbiter_2,earth,780330,784890
orbiter_earth,orbiter_2,earth,787410,791970
orbiter_earth,orbiter_2,earth,794490,799050
orbiter_earth,orbiter_2,earth,801600,806130
orbiter_earth,orbiter_2,earth,808680,813240
orbiter_earth,orbiter_2,earth,815760,820320
orbiter_earth,orbiter_2,earth,822840,827400
orbiter_earth,orbiter_2,earth,829920,834480
orbiter_earth,orbiter_2,earth,837000,841560
orbiter_earth,orbiter_2,earth,844080,848640
orbiter_earth,orbiter_2,earth,851160,855720
orbiter_earth,orbiter_2,earth,858240,862800
orbiter_earth,orbiter_2,earth,865320,869880
orbiter_earth,orbiter_2,earth,872400,876960
orbiter_earth,orbiter_2,earth,879480,884040
orbiter_earth,orbiter_2,earth,886590,891120
orbiter_earth,orbiter_2,earth,893670,898230
orbiter_earth,orbiter_2,earth,900750,905310
orbiter_earth,orbiter_2,earth,907830,912390
orbiter_earth,orbiter_2,earth,914910,919470
orbiter_earth,orbiter_2,earth,921990,926550
orbiter_earth,orbiter_2,earth,929070,933630
orbiter_earth,orbiter_2,earth,936150,940710
orbiter_earth,orbiter_2,earth,943230,947790
orbiter_earth,orbiter_2,earth,950310,954870
orbiter_earth,orbiter_2,earth,957390,961950
orbiter_earth,orbiter_2,earth,964470,969030
orbiter_earth,orbiter_2,earth,971580,976110
orbiter_earth,orbiter_2,earth,978660,983220
orbiter_earth,orbiter_2,earth,985740,990300
orbiter_earth,orbiter_2,earth,992820,997380
orbiter_earth,orbiter_2,earth,999900,1004460
orbiter_earth,orbiter_2,earth,1006980,1011540
orbiter_earth,orbiter_2,earth,1014060,1018620
orbiter_earth,orbiter_2,earth,1021140,1025700
orbiter_earth,orbiter_2,earth,1028220,1032780
orbiter_earth,orbiter_2,earth,1035300,1039860
orbiter_earth,orbiter_2,earth,1042380,1046940
orbiter_earth,orbiter_2,earth,1049460,1054020
orbiter_earth,orbiter_2,earth,1056570,1061100
orbiter_earth,orbiter_2,earth,1063650,1068210
orbiter_earth,orbiter_2,earth,1070730,1075290
orbiter_earth,orbiter_2,earth,1077810,1082370
orbiter_earth,orbiter_2,earth,1084890,1089450
orbiter_earth,orbiter_2,earth,1091970,1096530
orbiter_earth,orbiter_2,earth,1099050,1103610
orbiter_earth,orbiter_2,earth,1106130,1110690
orbiter_earth,orbiter_2,earth,1113210,1117770
orbiter_earth,orbiter_2,earth,1120290,1124850
orbiter_earth,orbiter_2,earth,1127370,1131930
orbiter_earth,orbiter_2,earth,1134450,1139010
orbiter_earth,orbiter_2,earth,1141560,1146090
orbiter_earth,orbiter_2,earth,1148640,1153200
orbiter_earth,orbiter_2,earth,1155720,1160280
orbiter_earth,orbiter_2,earth,1162800,1167360
orbiter_earth,orbiter_2,earth,1169880,1174440
orbiter_earth,orbiter_2,earth,1176960,1181520
orbiter_earth,orbiter_2,earth,1184040,1188600
orbiter_earth,orbiter_2,earth,1191120,1195680
orbiter_earth,orbiter_2,earth,1198200,1202760
orbiter_earth,orbiter_2,earth,1205280,1209840
orbiter_earth,orbiter_2,earth,1212360,1216920
orbiter_earth,orbiter_2,earth,1219440,1224000
orbiter_earth,orbiter_2,earth,1226550,1231080
orbiter_earth,orbiter_2,earth,1233630,1238190
orbiter_earth,orbiter_2,earth,1240710,1245270
orbiter_earth,orbiter_2,earth,1247790,1252350
orbiter_earth,orbiter_2,earth,1254870,1259430
orbiter_earth,orbiter_2,earth,1261950,1266510
orbiter_earth,orbiter_2,earth,1269030,1273590
orbiter_earth,orbiter_2,earth,1276110,1280670
orbiter_earth,orbiter_2,earth,1283190,1287750
orbiter_earth,orbiter_2,earth,1290270,1294830
orbiter_earth,orbiter_2,earth,1297350,1301910
orbiter_earth,orbiter_2,earth,1304430,1308990
orbiter_earth,orbiter_2,earth,1311540,1316070
orbiter_earth,orbiter_2,earth,1318620,1323180
orbiter_earth,orbiter_2,earth,1325700,1330260
orbiter_earth,orbiter_2,earth,1332780,1337340
orbiter_earth,orbiter_2,earth,1339860,1344420
orbiter_earth,orbiter_2,earth,1346940,1351500
orbiter_earth,orbiter_2,earth,1354020,1358580
orbiter_earth,orbiter_2,earth,1361100,1365660
orbiter_earth,orbiter_2,earth,1368180,1372740
orbiter_earth,orbiter_2,earth,1375260,1379820
orbiter_earth,orbiter_2,earth,1382340,1386900
orbiter_earth,orbiter_2,earth,1389420,1393980
orbiter_earth,orbiter_2,earth,1396530,1401060
orbiter_earth,orbiter_2,earth,1403610,1408170
orbiter_earth,orbiter_2,earth,1410690,1415250
orbiter_earth,orbiter_2,earth,1417770,1422330
orbiter_earth,orbiter_2,earth,1424850,1429410
orbiter_earth,orbiter_2,earth,1431930,1436490
orbiter_earth,orbiter_2,earth,1439010,1443570
orbiter_earth,orbiter_2,earth,1446090,1450650
orbiter_earth,orbiter_2,earth,1453170,1457730
orbiter_earth,orbiter_2,earth,1460250,1464810
orbiter_earth,orbiter_2,earth,1467330,1471890
orbiter_earth,orbiter_2,earth,1474410,1478970
orbiter_earth,orbiter_2,earth,1481520,1486050
orbiter_earth,orbiter_2,earth,1488600,1493160
orbiter_earth,orbiter_2,earth,1495680,1500240
orbiter_earth,orbiter_2,earth,1502760,1507320
orbiter_earth,orbiter_2,earth,1509840,1514400
orbiter_earth,orbiter_2,earth,1516920,1521480
orbiter_earth,orbiter_2,earth,1524000,1528560
orbiter_earth,orbiter_2,earth,1531080,1535640
orbiter_earth,orbiter_2,earth,1538160,1542720
orbiter_earth,orbiter_2,earth,1545240,1549800
orbiter_earth,orbiter_2,earth,1552320,1556880
orbiter_earth,orbiter_2,earth,1559400,1563960
orbiter_earth,orbiter_2,earth,1566510,1571040
orbiter_earth,orbiter_2,earth,1573590,1578150
orbiter_earth,orbiter_2,earth,1580670,1585230
orbiter_earth,orbiter_2,earth,1587750,1592310
orbiter_earth,orbiter_2,earth,1594830,1599390
orbiter_earth,orbiter_2,earth,1601910,1606470
orbiter_earth,orbiter_2,earth,1608990,1613550
orbiter_earth,orbiter_2,earth,1616070,1620630
orbiter_earth,orbiter_2,earth,1623150,1627710
orbiter_earth,orbiter_2,earth,1630230,1634790
orbiter_earth,orbiter_2,earth,1637310,1641870
orbiter_earth,orbiter_2,earth,1644390,1648950
orbiter_earth,orbiter_2,earth,1651500,1656030
orbiter_earth,orbiter_2,earth,1658580,1663140
orbiter_earth,orbiter_2,earth,1665660,1670220
orbiter_earth,orbiter_2,earth,1672740,1677300
orbiter_earth,orbiter_2,earth,1679820,1684380
orbiter_earth,orbiter_2,earth,1686900,1691460
orbiter_earth,orbiter_2,earth,1693980,1698540
orbiter_earth,orbiter_2,earth,1701060,1705620
orbiter_earth,orbiter_2,earth,1708140,1712700
orbiter_earth,orbiter_2,earth,1715220,1719780
orbiter_earth,orbiter_2,earth,1722300,1726860
orbiter_earth,orbiter_2,earth,1729380,1733940
orbiter_earth,orbiter_2,earth,1736490,1741020
orbiter_earth,orbiter_2,earth,1743570,1748130
orbiter_earth,orbiter_2,earth,1750650,1755210
orbiter_earth,orbiter_2,earth,1757730,1762290
orbiter_earth,orbiter_2,earth,1764810,1769370
orbiter_earth,orbiter_2,earth,1771890,1776450
orbiter_earth,orbiter_2,earth,1778970,1783530
orbiter_earth,orbiter_2,earth,1786050,1790610
orbiter_earth,orbiter_2,earth,1793130,1797690
orbiter_earth,orbiter_2,earth,1800210,1804770
orbiter_earth,orbiter_2,earth,1807290,1811850
orbiter_earth,orbiter_2,earth,1814370,1818930
orbiter_earth,orbiter_2,earth,1821480,1826010
orbiter_earth,orbiter_2,earth,1828560,1833120
orbiter_earth,orbiter_2,earth,1835640,1840200
orbiter_earth,orbiter_2,earth,1842720,1847280
orbiter_earth,orbiter_2,earth,1849800,1854360
orbiter_earth,orbiter_2,earth,1856880,1861440
orbiter_earth,orbiter_2,earth,1863960,1868520
orbiter_earth,orbiter_2,earth,1871040,1875600
orbiter_earth,orbiter_2,earth,1878120,1882680
orbiter_earth,orbiter_2,earth,1885200,1889760
orbiter_earth,orbiter_2,earth,1892280,1896840
orbiter_earth,orbiter_2,earth,1899360,1903920
orbiter_earth,orbiter_2,earth,1906470,1911000
orbiter_earth,orbiter_2,earth,1913550,1918110
orbiter_earth,orbiter_2,earth,1920630,1925190
orbiter_earth,orbiter_2,earth,1927710,1932270
orbiter_earth,orbiter_2,earth,1934790,1939350
orbiter_earth,orbiter_2,earth,1941870,1946430
orbiter_earth,orbiter_2,earth,1948950,1953510
orbiter_earth,orbiter_2,earth,1956030,1960590
orbiter_earth,orbiter_2,earth,1963110,1967670
orbiter_earth,orbiter_2,earth,1970190,1974750
orbiter_earth,orbiter_2,earth,1977270,1981830
orbiter_earth,orbiter_2,earth,1984350,1988910
orbiter_earth,orbiter_2,earth,1991460,1995990
orbiter_earth,orbiter_2,earth,1998540,2003100
orbiter_earth,orbiter_2,earth,2005620,2010180
orbiter_earth,orbiter_2,earth,2012700,2017260
orbiter_earth,orbiter_2,earth,2019780,2024340
orbiter_earth,orbiter_2,earth,2026860,2031420
orbiter_earth,orbiter_2,earth,2033940,2038500
orbiter_earth,orbiter_2,earth,2041020,2045580
orbiter_earth,orbiter_2,earth,2048100,2052660
orbiter_earth,orbiter_2,earth,2055180,2059740
orbiter_earth,orbiter_2,earth,2062260,2066820
orbiter_earth,orbiter_2,earth,2069340,2073900
orbiter_earth,orbiter_2,earth,2076450,2080980
orbiter_earth,orbiter_2,earth,2083530,2088090
orbiter_earth,orbiter_2,earth,2090610,2095170
orbiter_earth,orbiter_2,earth,2097690,2102250
orbiter_earth,orbiter_2,earth,2104770,2109330
orbiter_earth,orbiter_2,earth,2111850,2116410
orbiter_earth,orbiter_2,earth,2118930,2123490
orbiter_earth,orbiter_2,earth,2126010,2130570
orbiter_earth,orbiter_2,earth,2133090,2137650
orbiter_earth,orbiter_2,earth,2140170,2144730
orbiter_earth,orbiter_2,earth,2147250,2151810
orbiter_earth,orbiter_2,earth,2154330,2158890
orbiter_earth,orbiter_2,earth,2161440,2165970
orbiter_earth,orbiter_2,earth,2168520,2173080
orbiter_earth,orbiter_2,earth,2175600,2180160
orbiter_earth,orbiter_2,earth,2182680,2187240
orbiter_earth,orbiter_2,earth,2189760,2194320
orbiter_earth,orbiter_2,earth,2196840,2201400
orbiter_earth,orbiter_2,earth,2203920,2208480
orbiter_earth,orbiter_2,earth,2211000,2215560
orbiter_earth,orbiter_2,earth,2218080,2222640
orbiter_earth,orbiter_2,earth,2225160,2229720
orbiter_earth,orbiter_2,earth,2232240,2236800
orbiter_earth,orbiter_2,earth,2239320,2243880
orbiter_earth,orbiter_2,earth,2246430,2250960
orbiter_earth,orbiter_2,earth,2253510,2258070
orbiter_earth,orbiter_2,earth,2260590,2265150
orbiter_earth,orbiter_2,earth,2267670,2272230
orbiter_earth,orbiter_2,earth,2274750,2279310
orbiter_earth,orbiter_2,earth,2281830,2286390
orbiter_earth,orbiter_2,earth,2288910,2293470
orbiter_earth,orbiter_2,earth,2295990,2300550
orbiter_earth,orbiter_2,earth,2303070,2307630
orbiter_earth,orbiter_2,earth,2310150,2314710
orbiter_earth,orbiter_2,earth,2317230,2321790
orbiter_earth,orbiter_2,earth,2324340,2328870
orbiter_earth,orbiter_2,earth,2331420,2335950
orbiter_earth,orbiter_2,earth,2338500,2343060
orbiter_earth,orbiter_2,earth,2345580,2350140
orbiter_earth,orbiter_2,earth,2352660,2357220
orbiter_earth,orbiter_2,earth,2359740,2364300
orbiter_earth,orbiter_2,earth,2366820,2371380
orbiter_earth,orbiter_2,earth,2373900,2378460
orbiter_earth,orbiter_2,earth,2380980,2385540
orbiter_earth,orbiter_2,earth,2388060,2392620
orbiter_earth,orbiter_2,earth,2395140,2399700
orbiter_earth,orbiter_2,earth,2402220,2406780
orbiter_earth,orbiter_2,earth,2409330,2413860
orbiter_earth,orbiter_2,earth,2416410,2420940
orbiter_earth,orbiter_2,earth,2423490,2428050
orbiter_earth,orbiter_2,earth,2430570,2435130
orbiter_earth,orbiter_2,earth,2437650,2442210
orbiter_earth,orbiter_2,earth,2444730,2449290
orbiter_earth,orbiter_2,earth,2451810,2456370
orbiter_earth,orbiter_2,earth,2458890,2463450
orbiter_earth,orbiter_2,earth,2465970,2470530
orbiter_earth,orbiter_2,earth,2473050,2477610
orbiter_earth,orbiter_2,earth,2480130,2484690
orbiter_earth,orbiter_2,earth,2487210,2491770
orbiter_earth,orbiter_2,earth,2494320,2498850
orbiter_earth,orbiter_2,earth,2501400,2505930
orbiter_earth,orbiter_2,earth,2508480,2513040
orbiter_earth,orbiter_2,earth,2515560,2520120
orbiter_earth,orbiter_2,earth,2522640,2527200
orbiter_earth,orbiter_2,earth,2529720,2534280
orbiter_earth,orbiter_2,earth,2536800,2541360
orbiter_earth,orbiter_2,earth,2543880,2548440
orbiter_earth,orbiter_2,earth,2550960,2555520
orbiter_earth,orbiter_2,earth,2558040,2562600
orbiter_earth,orbiter_2,earth,2565120,2569680
orbiter_earth,orbiter_2,earth,2572200,2576760
orbiter_earth,orbiter_2,earth,2579310,2583840
orbiter_earth,orbiter_2,earth,2586390,2590920
orbiter_earth,orbiter_3,earth,0,4050
orbiter_earth,orbiter_3,earth,6570,11130
orbiter_earth,orbiter_3,earth,13650,18210
orbiter_earth,orbiter_3,earth,20730,25290
orbiter_earth,orbiter_3,earth,27810,32370
orbiter_earth,orbiter_3,earth,34890,39450
orbiter_earth,orbiter_3,earth,42000,46530
orbiter_earth,orbiter_3,earth,49080,53640
orbiter_earth,orbiter_3,earth,56160,60720
orbiter_earth,orbiter_3,earth,63240,67800
orbiter_earth,orbiter_3,earth,70320,74880
orbiter_earth,orbiter_3,earth,77400,81960
orbiter_earth,orbiter_3,earth,84480,89040
orbiter_earth,orbiter_3,earth,91560,96120
orbiter_earth,orbiter_3,earth,98640,103200
orbiter_earth,orbiter_3,earth,105720,110280
orbiter_earth,orbiter_3,earth,112800,117360
orbiter_earth,orbiter_3,earth,119910,124440
orbiter_earth,orbiter_3,earth,126990,131520
orbiter_earth,orbiter_3,earth,134070,138630
orbiter_earth,orbiter_3,earth,141150,145710
orbiter_earth,orbiter_3,earth,148230,152790
orbiter_earth,orbiter_3,earth,155310,159870
orbiter_earth,orbiter_3,earth,162390,166950
orbiter_earth,orbiter_3,earth,169470,174030
orbiter_earth,orbiter_3,earth,176550,181110
orbiter_earth,orbiter_3,earth,183630,188190
orbiter_earth,orbiter_3,earth,190710,195270
orbiter_earth,orbiter_3,earth,197790,202350
orbiter_earth,orbiter_3,earth,204900,209430
orbiter_earth,orbiter_3,earth,211980,216510
orbiter_earth,orbiter_3,earth,219060,223620
orbiter_earth,orbiter_3,earth,226140,230700
orbiter_earth,orbiter_3,earth,233220,237780
orbiter_earth,orbiter_3,earth,240300,244860
orbiter_earth,orbiter_3,earth,247380,251940
orbiter_earth,orbiter_3,earth,254460,259020
orbiter_earth,orbiter_3,earth,261540,266100
orbiter_earth,orbiter_3,earth,268620,273180
orbiter_earth,orbiter_3,earth,275700,280260
orbiter_earth,orbiter_3,earth,282780,287340
orbiter_earth,orbiter_3,earth,289890,294420
orbiter_earth,orbiter_3,earth,296970,301500
orbiter_earth,orbiter_3,earth,304050,308610
orbiter_earth,orbiter_3,earth,311130,315690
orbiter_earth,orbiter_3,earth,318210,322770
orbiter_earth,orbiter_3,earth,325290,329850
orbiter_earth,orbiter_3,earth,332370,336930
orbiter_earth,orbiter_3,earth,339450,344010
orbiter_earth,orbiter_3,earth,346530,351090
orbiter_earth,orbiter_3,earth,353610,358170
orbiter_earth,orbiter_3,earth,360690,365250
orbiter_earth,orbiter_3,earth,367770,372330
orbiter_earth,orbiter_3,earth,374880,379410
orbiter_earth,orbiter_3,earth,381960,386490
orbiter_earth,orbiter_3,earth,389040,393600
orbiter_earth,orbiter_3,earth,396120,400680
orbiter_earth,orbiter_3,earth,403200,407760
orbiter_earth,orbiter_3,earth,410280,414840
orbiter_earth,orbiter_3,earth,417360,421920
orbiter_earth,orbiter_3,earth,424440,429000
orbiter_earth,orbiter_3,earth,431520,436080
orbiter_earth,orbiter_3,earth,438600,443160
orbiter_earth,orbiter_3,earth,445680,450240
orbiter_earth,orbiter_3,earth,452760,457320
orbiter_earth,orbiter_3,earth,459870,464400
orbiter_earth,orbiter_3,earth,466950,471480
orbiter_earth,orbiter_3,earth,474030,478590
orbiter_earth,orbiter_3,earth,481110,485670
orbiter_earth,orbiter_3,earth,488190,492750
orbiter_earth,orbiter_3,earth,495270,499830
orbiter_earth,orbiter_3,earth,502350,506910
orbiter_earth,orbiter_3,earth,509430,513990
orbiter_earth,orbiter_3,earth,516510,521070
orbiter_earth,orbiter_3,earth,523590,528150
orbiter_earth,orbiter_3,earth,530670,535230
orbiter_earth,orbiter_3,earth,537750,542310
orbiter_earth,orbiter_3,earth,544860,549390
orbiter_earth,orbiter_3,earth,551940,556470
orbiter_earth,orbiter_3,earth,559020,563580
orbiter_earth,orbiter_3,earth,566100,570660
orbiter_earth,orbiter_3,earth,573180,577740
orbiter_earth,orbiter_3,earth,580260,584820
orbiter_earth,orbiter_3,earth,587340,591900
orbiter_earth,orbiter_3,earth,594420,598980
orbiter_earth,orbiter_3,earth,601500,606060
orbiter_earth,orbiter_3,earth,608580,613140
orbiter_earth,orbiter_3,earth,615660,620220
orbiter_earth,orbiter_3,earth,622740,627300
orbiter_earth,orbiter_3,earth,629850,634380
orbiter_earth,orbiter_3,earth,636930,641460
orbiter_earth,orbiter_3,earth,644010,648570
orbiter_earth,orbiter_3,earth,651090,655650
orbiter_earth,orbiter_3,earth,658170,662730
orbiter_earth,orbiter_3,earth,665250,669810
orbiter_earth,orbiter_3,earth,672330,676890
orbiter_earth,orbiter_3,earth,679410,683970
orbiter_earth,orbiter_3,earth,686490,691050
orbiter_earth,orbiter_3,earth,693570,698130
orbiter_earth,orbiter_3,earth,700650,705210
orbiter_earth,orbiter_3,earth,707730,712290
orbiter_earth,orbiter_3,earth,714840,719370
orbiter_earth,orbiter_3,earth,721920,726450
orbiter_earth,orbiter_3,earth,729000,733560
orbiter_earth,orbiter_3,earth,736080,740640
orbiter_earth,orbiter_3,earth,743160,747720
orbiter_earth,orbiter_3,earth,750240,754800
orbiter_earth,orbiter_3,earth,757320,761880
orbiter_earth,orbiter_3,earth,764400,768960
orbiter_earth,orbiter_3,earth,771480,776040
orbiter_earth,orbiter_3,earth,778560,783120
orbiter_earth,orbiter_3,earth,785640,790200
orbiter_earth,orbiter_3,earth,792720,797280
orbiter_earth,orbiter_3,earth,799830,804360
orbiter_earth,orbiter_3,earth,806910,811440
orbiter_earth,orbiter_3,earth,813990,818550
orbiter_earth,orbiter_3,earth,821070,825630
orbiter_earth,orbiter_3,earth,828150,832710
orbiter_earth,orbiter_3,earth,835230,839790
orbiter_earth,orbiter_3,earth,842310,846870
orbiter_earth,orbiter_3,earth,849390,853950
orbiter_earth,orbiter_3,earth,856470,861030
orbiter_earth,orbiter_3,earth,863550,868110
orbiter_earth,orbiter_3,earth,870630,875190
orbiter_earth,orbiter_3,earth,877710,882270
orbiter_earth,orbiter_3,earth,884820,889350
orbiter_earth,orbiter_3,earth,891900,896430
orbiter_earth,orbiter_3,earth,898980,903540
orbiter_earth,orbiter_3,earth,906060,910620
orbiter_earth,orbiter_3,earth,913140,917700
orbiter_earth,orbiter_3,earth,920220,924780
orbiter_earth,orbiter_3,earth,927300,931860
orbiter_earth,orbiter_3,earth,934380,938940
orbiter_earth,orbiter_3,earth,941460,946020
orbiter_earth,orbiter_3,earth,948540,953100
orbiter_earth,orbiter_3,earth,955620,960180
orbiter_earth,orbiter_3,earth,962700,967260
orbiter_earth,orbiter_3,earth,969810,974340
orbiter_earth,orbiter_3,earth,976890,981420
orbiter_earth,orbiter_3,earth,983970,988530
orbiter_earth,orbiter_3,earth,991050,995610
orbiter_earth,orbiter_3,earth,998130,1002690
orbiter_earth,orbiter_3,earth,1005210,1009770
orbiter_earth,orbiter_3,earth,1012290,1016850
orbiter_earth,orbiter_3,earth,1019370,1023930
orbiter_earth,orbiter_3,earth,1026450,1031010
orbiter_earth,orbiter_3,earth,1033530,1038090
orbiter_earth,orbiter_3,earth,1040610,1045170
orbiter_earth,orbiter_3,earth,1047690,1052250
orbiter_earth,orbiter_3,earth,1054800,1059330
orbiter_earth,orbiter_3,earth,1061880,1066410
orbiter_earth,orbiter_3,earth,1068960,1073520
orbiter_earth,orbiter_3,earth,1076040,1080600
orbiter_earth,orbiter_3,earth,1083120,1087680
orbiter_earth,orbiter_3,earth,1090200,1094760
orbiter_earth,orbiter_3,earth,1097280,1101840
orbiter_earth,orbiter_3,earth,1104360,1108920
orbiter_earth,orbiter_3,earth,1111440,1116000
orbiter_earth,orbiter_3,earth,1118520,1123080
orbiter_earth,orbiter_3,earth,1125600,1130160
orbiter_earth,orbiter_3,earth,1132680,1137240
orbiter_earth,orbiter_3,earth,1139790,1144320
orbiter_earth,orbiter_3,earth,1146870,1151400
orbiter_earth,orbiter_3,earth,1153950,1158510
orbiter_earth,orbiter_3,earth,1161030,1165590
orbiter_earth,orbiter_3,earth,1168110,1172670
orbiter_earth,orbiter_3,earth,1175190,1179750
orbiter_earth,orbiter_3,earth,1182270,1186830
orbiter_earth,orbiter_3,earth,1189350,1193910
orbiter_earth,orbiter_3,earth,1196430,1200990
orbiter_earth,orbiter_3,earth,1203510,1208070
orbiter_earth,orbiter_3,earth,1210590,1215150
orbiter_earth,orbiter_3,earth,1217670,1222230
orbiter_earth,orbiter_3,earth,1224780,1229310
orbiter_earth,orbiter_3,earth,1231860,1236390
orbiter_earth,orbiter_3,earth,1238940,1243500
orbiter_earth,orbiter_3,earth,1246020,1250580
orbiter_earth,orbiter_3,earth,1253100,1257660
orbiter_earth,orbiter_3,earth,1260180,1264740
orbiter_earth,orbiter_3,earth,1267260,1271820
orbiter_earth,orbiter_3,earth,1274340,1278900
orbiter_earth,orbiter_3,earth,1281420,1285980
orbiter_earth,orbiter_3,earth,1288500,1293060
orbiter_earth,orbiter_3,earth,1295580,1300140
orbiter_earth,orbiter_3,earth,1302660,1307220
orbiter_earth,orbiter_3,earth,1309770,1314300
orbiter_earth,orbiter_3,earth,1316850,1321380
orbiter_earth,orbiter_3,earth,1323930,1328490
orbiter_earth,orbiter_3,earth,1331010,1335570
orbiter_earth,orbiter_3,earth,1338090,1342650
orbiter_earth,orbiter_3,earth,1345170,1349730
orbiter_earth,orbiter_3,earth,1352250,1356810
orbiter_earth,orbiter_3,earth,1359330,1363890
orbiter_earth,orbiter_3,earth,1366410,1370970
orbiter_earth,orbiter_3,earth,1373490,1378050
orbiter_earth,orbiter_3,earth,1380570,1385130
orbiter_earth,orbiter_3,earth,1387650,1392210
orbiter_earth,orbiter_3,earth,1394760,1399290
orbiter_earth,orbiter_3,earth,1401840,1406400
orbiter_earth,orbiter_3,earth,1408920,1413480
orbiter_earth,orbiter_3,earth,1416000,1420560
orbiter_earth,orbiter_3,earth,1423080,1427640
orbiter_earth,orbiter_3,earth,1430160,1434720
orbiter_earth,orbiter_3,earth,1437240,1441800
orbiter_earth,orbiter_3,earth,1444320,1448880
orbiter_earth,orbiter_3,earth,1451400,1455960
orbiter_earth,orbiter_3,earth,1458480,1463040
orbiter_earth,orbiter_3,earth,1465560,1470120
orbiter_earth,orbiter_3,earth,1472640,1477200
orbiter_earth,orbiter_3,earth,1479750,1484280
orbiter_earth,orbiter_3,earth,1486830,1491390
orbiter_earth,orbiter_3,earth,1493910,1498470
orbiter_earth,orbiter_3,earth,1500990,1505550
orbiter_earth,orbiter_3,earth,1508070,1512630
orbiter_earth,orbiter_3,earth,1515150,1519710
orbiter_earth,orbiter_3,earth,1522230,1526790
orbiter_earth,orbiter_3,earth,1529310,1533870
orbiter_earth,orbiter_3,earth,1536390,1540950
orbiter_earth,orbiter_3,earth,1543470,1548030
orbiter_earth,orbiter_3,earth,1550550,1555110
orbiter_earth,orbiter_3,earth,1557630,1562190
orbiter_earth,orbiter_3,earth,1564740,1569270
orbiter_earth,orbiter_3,earth,1571820,1576380
orbiter_earth,orbiter_3,earth,1578900,1583460
orbiter_earth,orbiter_3,earth,1585980,1590540
orbiter_earth,orbiter_3,earth,1593060,1597620
orbiter_earth,orbiter_3,earth,1600140,1604700
orbiter_earth,orbiter_3,earth,1607220,1611780
orbiter_earth,orbiter_3,earth,1614300,1618860
orbiter_earth,orbiter_3,earth,1621380,1625940
orbiter_earth,orbiter_3,earth,1628460,1633020
orbiter_earth,orbiter_3,earth,1635540,1640100
orbiter_earth,orbiter_3,earth,1642620,1647180
orbiter_earth,orbiter_3,earth,1649730,1654260
orbiter_earth,orbiter_3,earth,1656810,1661370
orbiter_earth,orbiter_3,earth,1663890,1668450
orbiter_earth,orbiter_3,earth,1670970,1675530
orbiter_earth,orbiter_3,earth,1678050,1682610
orbiter_earth,orbiter_3,earth,1685130,1689690
orbiter_earth,orbiter_3,earth,1692210,1696770
orbiter_earth,orbiter_3,earth,1699290,1703850
orbiter_earth,orbiter_3,earth,1706370,1710930
orbiter_earth,orbiter_3,earth,1713450,1718010
orbiter_earth,orbiter_3,earth,1720530,1725090
orbiter_earth,orbiter_3,earth,1727610,1732170
orbiter_earth,orbiter_3,earth,1734720,1739250
orbiter_earth,orbiter_3,earth,1741800,1746360
orbiter_earth,orbiter_3,earth,1748880,1753440
orbiter_earth,orbiter_3,earth,1755960,1760520
orbiter_earth,orbiter_3,earth,1763040,1767600
orbiter_earth,orbiter_3,earth,1770120,1774680
orbiter_earth,orbiter_3,earth,1777200,1781760
orbiter_earth,orbiter_3,earth,1784280,1788840
orbiter_earth,orbiter_3,earth,1791360,1795920
orbiter_earth,orbiter_3,earth,1798440,1803000
orbiter_earth,orbiter_3,earth,1805520,1810080
orbiter_earth,orbiter_3,earth,1812600,1817160
orbiter_earth,orbiter_3,earth,1819710,1824240
orbiter_earth,orbiter_3,earth,1826790,1831350
orbiter_earth,orbiter_3,earth,1833870,1838430
orbiter_earth,orbiter_3,earth,1840950,1845510
orbiter_earth,orbiter_3,earth,1848030,1852590
orbiter_earth,orbiter_3,earth,1855110,1859670
orbiter_earth,orbiter_3,earth,1862190,1866750
orbiter_earth,orbiter_3,earth,1869270,1873830
orbiter_earth,orbiter_3,earth,1876350,1880910
orbiter_earth,orbiter_3,earth,1883430,1887990
orbiter_earth,orbiter_3,earth,1890510,1895070
orbiter_earth,orbiter_3,earth,1897590,1902150
orbiter_earth,orbiter_3,earth,1904700,1909230
orbiter_earth,orbiter_3,earth,1911780,1916340
orbiter_earth,orbiter_3,earth,1918860,1923420
orbiter_earth,orbiter_3,earth,1925940,1930500
orbiter_earth,orbiter_3,earth,1933020,1937580
orbiter_earth,orbiter_3,earth,1940100,1944660
orbiter_earth,orbiter_3,earth,1947180,1951740
orbiter_earth,orbiter_3,earth,1954260,1958820
orbiter_earth,orbiter_3,earth,1961340,1965900
orbiter_earth,orbiter_3,earth,1968420,1972980
orbiter_earth,orbiter_3,earth,1975500,1980060
orbiter_earth,orbiter_3,earth,1982580,1987140
orbiter_earth,orbiter_3,earth,1989690,1994220
orbiter_earth,orbiter_3,earth,1996770,2001330
orbiter_earth,orbiter_3,earth,2003850,2008410
orbiter_earth,orbiter_3,earth,2010930,2015490
orbiter_earth,orbiter_3,earth,2018010,2022570
orbiter_earth,orbiter_3,earth,2025090,2029650
orbiter_earth,orbiter_3,earth,2032170,2036730
orbiter_earth,orbiter_3,earth,2039250,2043810
orbiter_earth,orbiter_3,earth,2046330,2050890
orbiter_earth,orbiter_3,earth,2053410,2057970
orbiter_earth,orbiter_3,earth,2060490,2065050
orbiter_earth,orbiter_3,earth,2067570,2072130
orbiter_earth,orbiter_3,earth,2074680,2079210
orbiter_earth,orbiter_3,earth,2081760,2086320
orbiter_earth,orbiter_3,earth,2088840,2093400
orbiter_earth,orbiter_3,earth,2095920,2100480
orbiter_earth,orbiter_3,earth,2103000,2107560
orbiter_earth,orbiter_3,earth,2110080,2114640
orbiter_earth,orbiter_3,earth,2117160,2121720
orbiter_earth,orbiter_3,earth,2124240,2128800
orbiter_earth,orbiter_3,earth,2131320,2135880
orbiter_earth,orbiter_3,earth,2138400,2142960
orbiter_earth,orbiter_3,earth,2145480,2150040
orbiter_earth,orbiter_3,earth,2152560,2157120
orbiter_earth,orbiter_3,earth,2159670,2164200
orbiter_earth,orbiter_3,earth,2166750,2171310
orbiter_earth,orbiter_3,earth,2173830,2178390
orbiter_earth,orbiter_3,earth,2180910,2185470
orbiter_earth,orbiter_3,earth,2187990,2192550
orbiter_earth,orbiter_3,earth,2195070,2199630
orbiter_earth,orbiter_3,earth,2202150,2206710
orbiter_earth,orbiter_3,earth,2209230,2213790
orbiter_earth,orbiter_3,earth,2216310,2220870
orbiter_earth,orbiter_3,earth,2223390,2227950
orbiter_earth,orbiter_3,earth,2230470,2235030
orbiter_earth,orbiter_3,earth,2237550,2242110
orbiter_earth,orbiter_3,earth,2244660,2249190
orbiter_earth,orbiter_3,earth,2251740,2256300
orbiter_earth,orbiter_3,earth,2258820,2263380
orbiter_earth,orbiter_3,earth,2265900,2270460
orbiter_earth,orbiter_3,earth,2272980,2277540
orbiter_earth,orbiter_3,earth,2280060,2284620
orbiter_earth,orbiter_3,earth,2287140,2291700
orbiter_earth,orbiter_3,earth,2294220,2298780
orbiter_earth,orbiter_3,earth,2301300,2305860
orbiter_earth,orbiter_3,earth,2308380,2312940
orbiter_earth,orbiter_3,earth,2315460,2320020
orbiter_earth,orbiter_3,earth,2322540,2327100
orbiter_earth,orbiter_3,earth,2329650,2334180
orbiter_earth,orbiter_3,earth,2336730,2341290
orbiter_earth,orbiter_3,earth,2343810,2348370
orbiter_earth,orbiter_3,earth,2350890,2355450
orbiter_earth,orbiter_3,earth,2357970,2362530
orbiter_earth,orbiter_3,earth,2365050,2369610
orbiter_earth,orbiter_3,earth,2372130,2376690
orbiter_earth,orbiter_3,earth,2379210,2383770
orbiter_earth,orbiter_3,earth,2386290,2390850
orbiter_earth,orbiter_3,earth,2393370,2397930
orbiter_earth,orbiter_3,earth,2400450,2405010
orbiter_earth,orbiter_3,earth,2407530,2412090
orbiter_earth,orbiter_3,earth,2414640,2419170
orbiter_earth,orbiter_3,earth,2421720,2426280
orbiter_earth,orbiter_3,earth,2428800,2433360
orbiter_earth,orbiter_3,earth,2435880,2440440
orbiter_earth,orbiter_3,earth,2442960,2447520
orbiter_earth,orbiter_3,earth,2450040,2454600
orbiter_earth,orbiter_3,earth,2457120,2461680
orbiter_earth,orbiter_3,earth,2464200,2468760
orbiter_earth,orbiter_3,earth,2471280,2475840
orbiter_earth,orbiter_3,earth,2478360,2482920
orbiter_earth,orbiter_3,earth,2485440,2490000
orbiter_earth,orbiter_3,earth,2492520,2497080
orbiter_earth,orbiter_3,earth,2499630,2504160
orbiter_earth,orbiter_3,earth,2506710,2511270
orbiter_earth,orbiter_3,earth,2513790,2518350
orbiter_earth,orbiter_3,earth,2520870,2525430
orbiter_earth,orbiter_3,earth,2527950,2532510
orbiter_earth,orbiter_3,earth,2535030,2539590
orbiter_earth,orbiter_3,earth,2542110,2546670
orbiter_earth,orbiter_3,earth,2549190,2553750
orbiter_earth,orbiter_3,earth,2556270,2560830
orbiter_earth,orbiter_3,earth,2563350,2567910
orbiter_earth,orbiter_3,earth,2570430,2574990
orbiter_earth,orbiter_3,earth,2577510,2582070
orbiter_earth,orbiter_3,earth,2584620,2589150
orbiter_earth,orbiter_3,earth,2591700,2592000
rover_orbiter,rover_1,orbiter_0,24090,24780
rover_orbiter,rover_1,orbiter_0,70860,71520
rover_orbiter,rover_1,orbiter_0,109320,109530
rover_orbiter,rover_1,orbiter_0,116190,116760
rover_orbiter,rover_1,orbiter_0,155880,156510
rover_orbiter,rover_1,orbiter_0,201150,201840
rover_orbiter,rover_1,orbiter_0,247920,248580
rover_orbiter,rover_1,orbiter_0,286470,286530
rover_orbiter,rover_1,orbiter_0,293250,293850
rover_orbiter,rover_1,orbiter_0,332970,333570
rover_orbiter,rover_1,orbiter_0,378240,378900
rover_orbiter,rover_1,orbiter_0,424980,425640
rover_orbiter,rover_1,orbiter_0,470310,470910
rover_orbiter,rover_1,orbiter_0,510030,510600
rover_orbiter,rover_1,orbiter_0,517290,517440
rover_orbiter,rover_1,orbiter_0,555300,555960
rover_orbiter,rover_1,orbiter_0,602040,602700
rover_orbiter,rover_1,orbiter_0,647370,647970
rover_orbiter,rover_1,orbiter_0,687120,687660
rover_orbiter,rover_1,orbiter_0,694320,694560
rover_orbiter,rover_1,orbiter_0,732360,732990
rover_orbiter,rover_1,orbiter_0,779100,779790
rover_orbiter,rover_1,orbiter_0,824430,825060
rover_orbiter,rover_1,orbiter_0,864180,864720
rover_orbiter,rover_1,orbiter_0,871350,871650
rover_orbiter,rover_1,orbiter_0,909420,910050
rover_orbiter,rover_1,orbiter_0,956160,956850
rover_orbiter,rover_1,orbiter_0,1001490,1002120
rover_orbiter,rover_1,orbiter_0,1041270,1041780
rover_orbiter,rover_1,orbiter_0,1048380,1048740
rover_orbiter,rover_1,orbiter_0,1086510,1087110
rover_orbiter,rover_1,orbiter_0,1133220,1133910
rover_orbiter,rover_1,orbiter_0,1178550,1179210
rover_orbiter,rover_1,orbiter_0,1218330,1218810
rover_orbiter,rover_1,orbiter_0,1225410,1225830
rover_orbiter,rover_1,orbiter_0,1263570,1264170
rover_orbiter,rover_1,orbiter_0,1270860,1270950
rover_orbiter,rover_1,orbiter_0,1310280,1310970
rover_orbiter,rover_1,orbiter_0,1355610,1356270
rover_orbiter,rover_1,orbiter_0,1395420,1395870
rover_orbiter,rover_1,orbiter_0,1402470,1402920
rover_orbiter,rover_1,orbiter_0,1440660,1441230
rover_orbiter,rover_1,orbiter_0,1447860,1448070
rover_orbiter,rover_1,orbiter_0,1487340,1488030
rover_orbiter,rover_1,orbiter_0,1532670,1533330
rover_orbiter,rover_1,orbiter_0,1572510,1572900
rover_orbiter,rover_1,orbiter_0,1579500,1580010
rover_orbiter,rover_1,orbiter_0,1617720,1618260
rover_orbiter,rover_1,orbiter_0,1624890,1625190
rover_orbiter,rover_1,orbiter_0,1664400,1665090
rover_orbiter,rover_1,orbiter_0,1709730,1710390
rover_orbiter,rover_1,orbiter_0,1749600,1749960
rover_orbiter,rover_1,orbiter_0,1756560,1757070
rover_orbiter,rover_1,orbiter_0,1794810,1795320
rover_orbiter,rover_1,orbiter_0,1801920,1802280
rover_orbiter,rover_1,orbiter_0,1841490,1842150
rover_orbiter,rover_1,orbiter_0,1886790,1887450
rover_orbiter,rover_1,orbiter_0,1926690,1926990
rover_orbiter,rover_1,orbiter_0,1933590,1934160
rover_orbiter,rover_1,orbiter_0,1971870,1972380
rover_orbiter,rover_1,orbiter_0,1978950,1979370
rover_orbiter,rover_1,orbiter_0,2018550,2019210
rover_orbiter,rover_1,orbiter_0,2063850,2064540
rover_orbiter,rover_1,orbiter_0,2103810,2104020
rover_orbiter,rover_1,orbiter_0,2110650,2111220
rover_orbiter,rover_1,orbiter_0,2148960,2149410
rover_orbiter,rover_1,orbiter_0,2156010,2156460
rover_orbiter,rover_1,orbiter_0,2195610,2196270
rover_orbiter,rover_1,orbiter_0,2240910,2241600
rover_orbiter,rover_1,orbiter_0,2280930,2281020
rover_orbiter,rover_1,orbiter_0,2287710,2288310
rover_orbiter,rover_1,orbiter_0,2326050,2326470
rover_orbiter,rover_1,orbiter_0,2333040,2333520
rover_orbiter,rover_1,orbiter_0,2372670,2373330
rover_orbiter,rover_1,orbiter_0,2417970,2418660
rover_orbiter,rover_1,orbiter_0,2464770,2465370
rover_orbiter,rover_1,orbiter_0,2503110,2503500
rover_orbiter,rover_1,orbiter_0,2510100,2510610
rover_orbiter,rover_1,orbiter_0,2549760,2550390
rover_orbiter,rover_1,orbiter_1,22380,22950
rover_orbiter,rover_1,orbiter_1,29580,29790
rover_orbiter,rover_1,orbiter_1,69090,69750
rover_orbiter,rover_1,orbiter_1,114390,115050
rover_orbiter,rover_1,orbiter_1,154230,154650
rover_orbiter,rover_1,orbiter_1,161220,161730
rover_orbiter,rover_1,orbiter_1,199440,200010
rover_orbiter,rover_1,orbiter_1,206610,206910
rover_orbiter,rover_1,orbiter_1,246150,246810
rover_orbiter,rover_1,orbiter_1,291450,292140
rover_orbiter,rover_1,orbiter_1,331320,331680
rover_orbiter,rover_1,orbiter_1,338280,338820
rover_orbiter,rover_1,orbiter_1,376530,377040
rover_orbiter,rover_1,orbiter_1,383640,384000
rover_orbiter,rover_1,orbiter_1,423210,423900
rover_orbiter,rover_1,orbiter_1,468510,469200
rover_orbiter,rover_1,orbiter_1,508410,508710
rover_orbiter,rover_1,orbiter_1,515340,515880
rover_orbiter,rover_1,orbiter_1,553590,554100
rover_orbiter,rover_1,orbiter_1,560700,561090
rover_orbiter,rover_1,orbiter_1,600270,600960
rover_orbiter,rover_1,orbiter_1,645570,646260
rover_orbiter,rover_1,orbiter_1,685530,685740
rover_orbiter,rover_1,orbiter_1,692370,692970
rover_orbiter,rover_1,orbiter_1,730680,731160
rover_orbiter,rover_1,orbiter_1,737730,738180
rover_orbiter,rover_1,orbiter_1,777330,778020
rover_orbiter,rover_1,orbiter_1,822630,823320
rover_orbiter,rover_1,orbiter_1,862650,862740
rover_orbiter,rover_1,orbiter_1,869430,870030
rover_orbiter,rover_1,orbiter_1,907770,908190
rover_orbiter,rover_1,orbiter_1,914790,915270
rover_orbiter,rover_1,orbiter_1,954420,955080
rover_orbiter,rover_1,orbiter_1,999690,1000380
rover_orbiter,rover_1,orbiter_1,1046490,1047090
rover_orbiter,rover_1,orbiter_1,1084860,1085220
rover_orbiter,rover_1,orbiter_1,1091820,1092330
rover_orbiter,rover_1,orbiter_1,1131480,1132140
rover_orbiter,rover_1,orbiter_1,1176750,1177440
rover_orbiter,rover_1,orbiter_1,1223550,1224180
rover_orbiter,rover_1,orbiter_1,1261950,1262250
rover_orbiter,rover_1,orbiter_1,1268880,1269420
rover_orbiter,rover_1,orbiter_1,1308540,1309200
rover_orbiter,rover_1,orbiter_1,1353840,1354500
rover_orbiter,rover_1,orbiter_1,1400610,1401240
rover_orbiter,rover_1,orbiter_1,1439040,1439280
rover_orbiter,rover_1,orbiter_1,1445940,1446510
rover_orbiter,rover_1,orbiter_1,1485630,1486230
rover_orbiter,rover_1,orbiter_1,1530900,1531560
rover_orbiter,rover_1,orbiter_1,1577670,1578300
rover_orbiter,rover_1,orbiter_1,1616160,1616310
rover_orbiter,rover_1,orbiter_1,1623000,1623570
rover_orbiter,rover_1,orbiter_1,1662690,1663290
rover_orbiter,rover_1,orbiter_1,1707960,1708620
rover_orbiter,rover_1,orbiter_1,1754730,1755390
rover_orbiter,rover_1,orbiter_1,1800060,1800660
rover_orbiter,rover_1,orbiter_1,1839780,1840350
rover_orbiter,rover_1,orbiter_1,1847070,1847160
rover_orbiter,rover_1,orbiter_1,1885020,1885680
rover_orbiter,rover_1,orbiter_1,1931790,1932450
rover_orbiter,rover_1,orbiter_1,1977090,1977720
rover_orbiter,rover_1,orbiter_1,2016840,2017410
rover_orbiter,rover_1,orbiter_1,2024070,2024280
rover_orbiter,rover_1,orbiter_1,2062110,2062740
rover_orbiter,rover_1,orbiter_1,2108850,2109510
rover_orbiter,rover_1,orbiter_1,2154150,2154780
rover_orbiter,rover_1,orbiter_1,2193930,2194470
rover_orbiter,rover_1,orbiter_1,2201100,2201400
rover_orbiter,rover_1,orbiter_1,2239170,2239800
rover_orbiter,rover_1,orbiter_1,2285910,2286570
rover_orbiter,rover_1,orbiter_1,2331210,2331870
rover_orbiter,rover_1,orbiter_1,2370990,2371530
rover_orbiter,rover_1,orbiter_1,2378130,2378490
rover_orbiter,rover_1,orbiter_1,2416230,2416860
rover_orbiter,rover_1,orbiter_1,2462970,2463660
rover_orbiter,rover_1,orbiter_1,2508270,2508930
rover_orbiter,rover_1,orbiter_1,2548080,2548560
rover_orbiter,rover_1,orbiter_1,2555160,2555580
rover_orbiter,rover_1,orbiter_2,20760,21030
rover_orbiter,rover_1,orbiter_2,27660,28230
rover_orbiter,rover_1,orbiter_2,67350,67980
rover_orbiter,rover_1,orbiter_2,112620,113310
rover_orbiter,rover_1,orbiter_2,159390,160050
rover_orbiter,rover_1,orbiter_2,197880,198030
rover_orbiter,rover_1,orbiter_2,204720,205290
rover_orbiter,rover_1,orbiter_2,244410,245040
rover_orbiter,rover_1,orbiter_2,289680,290370
rover_orbiter,rover_1,orbiter_2,336450,337110
rover_orbiter,rover_1,orbiter_2,381780,382380
rover_orbiter,rover_1,orbiter_2,421500,422100
rover_orbiter,rover_1,orbiter_2,428820,428880
rover_orbiter,rover_1,orbiter_2,466770,467430
rover_orbiter,rover_1,orbiter_2,513510,514170
rover_orbiter,rover_1,orbiter_2,558840,559440
rover_orbiter,rover_1,orbiter_2,598560,599130
rover_orbiter,rover_1,orbiter_2,605790,606000
rover_orbiter,rover_1,orbiter_2,643830,644460
rover_orbiter,rover_1,orbiter_2,690570,691230
rover_orbiter,rover_1,orbiter_2,735900,736530
rover_orbiter,rover_1,orbiter_2,775650,776190
rover_orbiter,rover_1,orbiter_2,782820,783120
rover_orbiter,rover_1,orbiter_2,820890,821520
rover_orbiter,rover_1,orbiter_2,867630,868320
rover_orbiter,rover_1,orbiter_2,912960,913590
rover_orbiter,rover_1,orbiter_2,952710,953250
rover_orbiter,rover_1,orbiter_2,959850,960210
rover_orbiter,rover_1,orbiter_2,997980,998580
rover_orbiter,rover_1,orbiter_2,1044690,1045380
rover_orbiter,rover_1,orbiter_2,1090020,1090650
rover_orbiter,rover_1,orbiter_2,1129800,1130310
rover_orbiter,rover_1,orbiter_2,1136880,1137300
rover_orbiter,rover_1,orbiter_2,1175040,1175640
rover_orbiter,rover_1,orbiter_2,1221750,1222440
rover_orbiter,rover_1,orbiter_2,1267080,1267740
rover_orbiter,rover_1,orbiter_2,1306890,1307340
rover_orbiter,rover_1,orbiter_2,1313940,1314390
rover_orbiter,rover_1,orbiter_2,1352100,1352700
rover_orbiter,rover_1,orbiter_2,1359360,1359510
rover_orbiter,rover_1,orbiter_2,1398810,1399500
rover_orbiter,rover_1,orbiter_2,1444140,1444800
rover_orbiter,rover_1,orbiter_2,1483980,1484400
rover_orbiter,rover_1,orbiter_2,1490970,1491450
rover_orbiter,rover_1,orbiter_2,1529190,1529760
rover_orbiter,rover_1,orbiter_2,1536360,1536630
rover_orbiter,rover_1,orbiter_2,1575870,1576560
rover_orbiter,rover_1,orbiter_2,1621200,1621860
rover_orbiter,rover_1,orbiter_2,1661070,1661430
rover_orbiter,rover_1,orbiter_2,1668030,1668540
rover_orbiter,rover_1,orbiter_2,1706250,1706790
rover_orbiter,rover_1,orbiter_2,1713390,1713720
rover_orbiter,rover_1,orbiter_2,1752960,1753620
rover_orbiter,rover_1,orbiter_2,1798260,1798920
rover_orbiter,rover_1,orbiter_2,1838160,1838460
rover_orbiter,rover_1,orbiter_2,1845090,1845630
rover_orbiter,rover_1,orbiter_2,1883340,1883850
rover_orbiter,rover_1,orbiter_2,1890450,1890810
rover_orbiter,rover_1,orbiter_2,1930020,1930680
rover_orbiter,rover_1,orbiter_2,1975320,1976010
rover_orbiter,rover_1,orbiter_2,2015250,2015520
rover_orbiter,rover_1,orbiter_2,2022120,2022690
rover_orbiter,rover_1,orbiter_2,2060430,2060880
rover_orbiter,rover_1,orbiter_2,2067480,2067900
rover_orbiter,rover_1,orbiter_2,2107080,2107740
rover_orbiter,rover_1,orbiter_2,2152380,2153070
rover_orbiter,rover_1,orbiter_2,2192370,2192520
rover_orbiter,rover_1,orbiter_2,2199180,2199780
rover_orbiter,rover_1,orbiter_2,2237490,2237940
rover_orbiter,rover_1,orbiter_2,2244540,2244990
rover_orbiter,rover_1,orbiter_2,2284140,2284800
rover_orbiter,rover_1,orbiter_2,2329440,2330130
rover_orbiter,rover_1,orbiter_2,2376240,2376840
rover_orbiter,rover_1,orbiter_2,2414580,2414970
rover_orbiter,rover_1,orbiter_2,2421570,2422080
rover_orbiter,rover_1,orbiter_2,2461230,2461860
rover_orbiter,rover_1,orbiter_2,2506500,2507190
rover_orbiter,rover_1,orbiter_2,2553300,2553900
rover_orbiter,rover_1,orbiter_2,2591670,2592000
rover_orbiter,rover_1,orbiter_3,25860,26520
rover_orbiter,rover_1,orbiter_3,65700,66120
rover_orbiter,rover_1,orbiter_3,72720,73200
rover_orbiter,rover_1,orbiter_3,110910,111480
rover_orbiter,rover_1,orbiter_3,118110,118350
rover_orbiter,rover_1,orbiter_3,157620,158280
rover_orbiter,rover_1,orbiter_3,202920,203580
rover_orbiter,rover_1,orbiter_3,242790,243150
rover_orbiter,rover_1,orbiter_3,249750,250260
rover_orbiter,rover_1,orbiter_3,288000,288540
rover_orbiter,rover_1,orbiter_3,295140,295470
rover_orbiter,rover_1,orbiter_3,334680,335370
rover_orbiter,rover_1,orbiter_3,379980,380670
rover_orbiter,rover_1,orbiter_3,419880,420210
rover_orbiter,rover_1,orbiter_3,426810,427350
rover_orbiter,rover_1,orbiter_3,465060,465570
rover_orbiter,rover_1,orbiter_3,472170,472560
rover_orbiter,rover_1,orbiter_3,511740,512430
rover_orbiter,rover_1,orbiter_3,557040,557730
rover_orbiter,rover_1,orbiter_3,596970,597240
rover_orbiter,rover_1,orbiter_3,603870,604410
rover_orbiter,rover_1,orbiter_3,642150,642630
rover_orbiter,rover_1,orbiter_3,649200,649650
rover_orbiter,rover_1,orbiter_3,688800,689490
rover_orbiter,rover_1,orbiter_3,734100,734790
rover_orbiter,rover_1,orbiter_3,774090,774270
rover_orbiter,rover_1,orbiter_3,780900,781500
rover_orbiter,rover_1,orbiter_3,819210,819660
rover_orbiter,rover_1,orbiter_3,826260,826710
rover_orbiter,rover_1,orbiter_3,865890,866550
rover_orbiter,rover_1,orbiter_3,911160,911850
rover_orbiter,rover_1,orbiter_3,957960,958560
rover_orbiter,rover_1,orbiter_3,996300,996720
rover_orbiter,rover_1,orbiter_3,1003320,1003800
rover_orbiter,rover_1,orbiter_3,1042950,1043610
rover_orbiter,rover_1,orbiter_3,1088220,1088910
rover_orbiter,rover_1,orbiter_3,1135020,1135650
rover_orbiter,rover_1,orbiter_3,1173390,1173750
rover_orbiter,rover_1,orbiter_3,1180350,1180890
rover_orbiter,rover_1,orbiter_3,1220010,1220670
rover_orbiter,rover_1,orbiter_3,1265310,1265970
rover_orbiter,rover_1,orbiter_3,1312080,1312710
rover_orbiter,rover_1,orbiter_3,1350480,1350780
rover_orbiter,rover_1,orbiter_3,1357410,1357950
rover_orbiter,rover_1,orbiter_3,1397100,1397730
rover_orbiter,rover_1,orbiter_3,1442370,1443030
rover_orbiter,rover_1,orbiter_3,1489140,1489770
rover_orbiter,rover_1,orbiter_3,1527600,1527810
rover_orbiter,rover_1,orbiter_3,1534470,1535040
rover_orbiter,rover_1,orbiter_3,1574160,1574760
rover_orbiter,rover_1,orbiter_3,1619430,1620090
rover_orbiter,rover_1,orbiter_3,1666200,1666860
rover_orbiter,rover_1,orbiter_3,1704750,1704780
rover_orbiter,rover_1,orbiter_3,1711530,1712100
rover_orbiter,rover_1,orbiter_3,1751220,1751820
rover_orbiter,rover_1,orbiter_3,1796490,1797150
rover_orbiter,rover_1,orbiter_3,1843260,1843920
rover_orbiter,rover_1,orbiter_3,1888560,1889190
rover_orbiter,rover_1,orbiter_3,1928310,1928880
rover_orbiter,rover_1,orbiter_3,1935570,1935720
rover_orbiter,rover_1,orbiter_3,1973580,1974210
rover_orbiter,rover_1,orbiter_3,2020320,2020980
rover_orbiter,rover_1,orbiter_3,2065620,2066250
rover_orbiter,rover_1,orbiter_3,2105370,2105940
rover_orbiter,rover_1,orbiter_3,2112570,2112840
rover_orbiter,rover_1,orbiter_3,2150640,2151270
rover_orbiter,rover_1,orbiter_3,2197380,2198040
rover_orbiter,rover_1,orbiter_3,2242680,2243340
rover_orbiter,rover_1,orbiter_3,2282460,2283000
rover_orbiter,rover_1,orbiter_3,2289600,2289930
rover_orbiter,rover_1,orbiter_3,2327700,2328330
rover_orbiter,rover_1,orbiter_3,2374440,2375100
rover_orbiter,rover_1,orbiter_3,2419740,2420400
rover_orbiter,rover_1,orbiter_3,2459550,2460030
rover_orbiter,rover_1,orbiter_3,2466660,2467020
rover_orbiter,rover_1,orbiter_3,2504790,2505390
rover_orbiter,rover_1,orbiter_3,2551500,2552190
rover_orbiter,rover_2,orbiter_0,10380,11070
rover_orbiter,rover_2,orbiter_0,56250,56880
rover_orbiter,rover_2,orbiter_0,95520,95940
rover_orbiter,rover_2,orbiter_0,102570,102960
rover_orbiter,rover_2,orbiter_0,141270,141870
rover_orbiter,rover_2,orbiter_0,187440,188130
rover_orbiter,rover_2,orbiter_0,233310,233940
rover_orbiter,rover_2,orbiter_0,272580,273000
rover_orbiter,rover_2,orbiter_0,279600,280050
rover_orbiter,rover_2,orbiter_0,318330,318930
rover_orbiter,rover_2,orbiter_0,364500,365190
rover_orbiter,rover_2,orbiter_0,410370,411000
rover_orbiter,rover_2,orbiter_0,449670,450030
rover_orbiter,rover_2,orbiter_0,456660,457140
rover_orbiter,rover_2,orbiter_0,495390,495990
rover_orbiter,rover_2,orbiter_0,541560,542250
rover_orbiter,rover_2,orbiter_0,587430,588090
rover_orbiter,rover_2,orbiter_0,626790,627060
rover_orbiter,rover_2,orbiter_0,633690,634200
rover_orbiter,rover_2,orbiter_0,672480,673050
rover_orbiter,rover_2,orbiter_0,718620,719310
rover_orbiter,rover_2,orbiter_0,764490,765150
rover_orbiter,rover_2,orbiter_0,803880,804090
rover_orbiter,rover_2,orbiter_0,810750,811290
rover_orbiter,rover_2,orbiter_0,849570,850110
rover_orbiter,rover_2,orbiter_0,856770,856950
rover_orbiter,rover_2,orbiter_0,895710,896370
rover_orbiter,rover_2,orbiter_0,941550,942210
rover_orbiter,rover_2,orbiter_0,987810,988380
rover_orbiter,rover_2,orbiter_0,1026630,1027140
rover_orbiter,rover_2,orbiter_0,1033770,1034070
rover_orbiter,rover_2,orbiter_0,1072770,1073430
rover_orbiter,rover_2,orbiter_0,1118610,1119270
rover_orbiter,rover_2,orbiter_0,1164870,1165440
rover_orbiter,rover_2,orbiter_0,1203720,1204200
rover_orbiter,rover_2,orbiter_0,1210830,1211160
rover_orbiter,rover_2,orbiter_0,1249830,1250490
rover_orbiter,rover_2,orbiter_0,1295670,1296360
rover_orbiter,rover_2,orbiter_0,1341900,1342530
rover_orbiter,rover_2,orbiter_0,1380810,1381230
rover_orbiter,rover_2,orbiter_0,1387860,1388250
rover_orbiter,rover_2,orbiter_0,1426890,1427550
rover_orbiter,rover_2,orbiter_0,1472730,1473420
rover_orbiter,rover_2,orbiter_0,1518960,1519590
rover_orbiter,rover_2,orbiter_0,1557870,1558290
rover_orbiter,rover_2,orbiter_0,1564890,1565340
rover_orbiter,rover_2,orbiter_0,1603980,1604610
rover_orbiter,rover_2,orbiter_0,1649790,1650480
rover_orbiter,rover_2,orbiter_0,1696020,1696650
rover_orbiter,rover_2,orbiter_0,1734960,1735320
rover_orbiter,rover_2,orbiter_0,1741950,1742430
rover_orbiter,rover_2,orbiter_0,1781040,1781670
rover_orbiter,rover_2,orbiter_0,1826850,1827540
rover_orbiter,rover_2,orbiter_0,1873080,1873740
rover_orbiter,rover_2,orbiter_0,1912080,1912350
rover_orbiter,rover_2,orbiter_0,1918980,1919490
rover_orbiter,rover_2,orbiter_0,1958130,1958730
rover_orbiter,rover_2,orbiter_0,2003910,2004600
rover_orbiter,rover_2,orbiter_0,2050140,2050800
rover_orbiter,rover_2,orbiter_0,2089170,2089350
rover_orbiter,rover_2,orbiter_0,2096040,2096580
rover_orbiter,rover_2,orbiter_0,2135190,2135760
rover_orbiter,rover_2,orbiter_0,2181000,2181660
rover_orbiter,rover_2,orbiter_0,2227200,2227860
rover_orbiter,rover_2,orbiter_0,2273100,2273670
rover_orbiter,rover_2,orbiter_0,2312280,2312820
rover_orbiter,rover_2,orbiter_0,2319540,2319660
rover_orbiter,rover_2,orbiter_0,2358060,2358720
rover_orbiter,rover_2,orbiter_0,2404260,2404920
rover_orbiter,rover_2,orbiter_0,2450160,2450730
rover_orbiter,rover_2,orbiter_0,2489340,2489880
rover_orbiter,rover_2,orbiter_0,2496540,2496780
rover_orbiter,rover_2,orbiter_0,2535120,2535780
rover_orbiter,rover_2,orbiter_0,2581320,2582010
rover_orbiter,rover_2,orbiter_1,8640,9270
rover_orbiter,rover_2,orbiter_1,54450,55140
rover_orbiter,rover_2,orbiter_1,100680,101310
rover_orbiter,rover_2,orbiter_1,139620,140010
rover_orbiter,rover_2,orbiter_1,146640,147060
rover_orbiter,rover_2,orbiter_1,185700,186330
rover_orbiter,rover_2,orbiter_1,231510,232200
rover_orbiter,rover_2,orbiter_1,277740,278400
rover_orbiter,rover_2,orbiter_1,316710,317040
rover_orbiter,rover_2,orbiter_1,323670,324150
rover_orbiter,rover_2,orbiter_1,362760,363390
rover_orbiter,rover_2,orbiter_1,408600,409260
rover_orbiter,rover_2,orbiter_1,454800,455460
rover_orbiter,rover_2,orbiter_1,493800,494070
rover_orbiter,rover_2,orbiter_1,500730,501240
rover_orbiter,rover_2,orbiter_1,539850,540450
rover_orbiter,rover_2,orbiter_1,585660,586320
rover_orbiter,rover_2,orbiter_1,631860,632520
rover_orbiter,rover_2,orbiter_1,670920,671100
rover_orbiter,rover_2,orbiter_1,677760,678300
rover_orbiter,rover_2,orbiter_1,716910,717510
rover_orbiter,rover_2,orbiter_1,762720,763380
rover_orbiter,rover_2,orbiter_1,808920,809610
rover_orbiter,rover_2,orbiter_1,854820,855390
rover_orbiter,rover_2,orbiter_1,894000,894540
rover_orbiter,rover_2,orbiter_1,901260,901380
rover_orbiter,rover_2,orbiter_1,939780,940440
rover_orbiter,rover_2,orbiter_1,985980,986670
rover_orbiter,rover_2,orbiter_1,1031880,1032450
rover_orbiter,rover_2,orbiter_1,1071090,1071600
rover_orbiter,rover_2,orbiter_1,1078260,1078500
rover_orbiter,rover_2,orbiter_1,1116870,1117500
rover_orbiter,rover_2,orbiter_1,1163040,1163730
rover_orbiter,rover_2,orbiter_1,1208940,1209540
rover_orbiter,rover_2,orbiter_1,1248150,1248660
rover_orbiter,rover_2,orbiter_1,1255290,1255590
rover_orbiter,rover_2,orbiter_1,1293930,1294560
rover_orbiter,rover_2,orbiter_1,1340100,1340790
rover_orbiter,rover_2,orbiter_1,1386000,1386600
rover_orbiter,rover_2,orbiter_1,1425240,1425690
rover_orbiter,rover_2,orbiter_1,1432320,1432680
rover_orbiter,rover_2,orbiter_1,1470990,1471620
rover_orbiter,rover_2,orbiter_1,1517160,1517850
rover_orbiter,rover_2,orbiter_1,1563030,1563690
rover_orbiter,rover_2,orbiter_1,1602330,1602750
rover_orbiter,rover_2,orbiter_1,1609350,1609770
rover_orbiter,rover_2,orbiter_1,1648080,1648680
rover_orbiter,rover_2,orbiter_1,1694250,1694910
rover_orbiter,rover_2,orbiter_1,1740090,1740750
rover_orbiter,rover_2,orbiter_1,1779420,1779780
rover_orbiter,rover_2,orbiter_1,1786410,1786860
rover_orbiter,rover_2,orbiter_1,1825140,1825740
rover_orbiter,rover_2,orbiter_1,1871310,1872000
rover_orbiter,rover_2,orbiter_1,1917150,1917810
rover_orbiter,rover_2,orbiter_1,1956510,1956810
rover_orbiter,rover_2,orbiter_1,1963440,1963950
rover_orbiter,rover_2,orbiter_1,2002200,2002800
rover_orbiter,rover_2,orbiter_1,2048370,2049060
rover_orbiter,rover_2,orbiter_1,2094210,2094900
rover_orbiter,rover_2,orbiter_1,2133600,2133840
rover_orbiter,rover_2,orbiter_1,2140500,2141040
rover_orbiter,rover_2,orbiter_1,2179290,2179830
rover_orbiter,rover_2,orbiter_1,2186520,2186670
rover_orbiter,rover_2,orbiter_1,2225430,2226120
rover_orbiter,rover_2,orbiter_1,2271270,2271960
rover_orbiter,rover_2,orbiter_1,2310720,2310840
rover_orbiter,rover_2,orbiter_1,2317560,2318100
rover_orbiter,rover_2,orbiter_1,2356380,2356890
rover_orbiter,rover_2,orbiter_1,2363550,2363790
rover_orbiter,rover_2,orbiter_1,2402490,2403180
rover_orbiter,rover_2,orbiter_1,2448330,2449020
rover_orbiter,rover_2,orbiter_1,2494590,2495190
rover_orbiter,rover_2,orbiter_1,2533440,2533950
rover_orbiter,rover_2,orbiter_1,2540580,2540880
rover_orbiter,rover_2,orbiter_1,2579580,2580240
rover_orbiter,rover_2,orbiter_2,6960,7440
rover_orbiter,rover_2,orbiter_2,14040,14430
rover_orbiter,rover_2,orbiter_2,52710,53340
rover_orbiter,rover_2,orbiter_2,98910,99600
rover_orbiter,rover_2,orbiter_2,144780,145410
rover_orbiter,rover_2,orbiter_2,184050,184470
rover_orbiter,rover_2,orbiter_2,191100,191520
rover_orbiter,rover_2,orbiter_2,229800,230400
rover_orbiter,rover_2,orbiter_2,275970,276660
rover_orbiter,rover_2,orbiter_2,321840,322470
rover_orbiter,rover_2,orbiter_2,361140,361500
rover_orbiter,rover_2,orbiter_2,368130,368580
rover_orbiter,rover_2,orbiter_2,406860,407460
rover_orbiter,rover_2,orbiter_2,453030,453720
rover_orbiter,rover_2,orbiter_2,498900,499560
rover_orbiter,rover_2,orbiter_2,538230,538560
rover_orbiter,rover_2,orbiter_2,545190,545670
rover_orbiter,rover_2,orbiter_2,583950,584520
rover_orbiter,rover_2,orbiter_2,630090,630780
rover_orbiter,rover_2,orbiter_2,675960,676620
rover_orbiter,rover_2,orbiter_2,715320,715590
rover_orbiter,rover_2,orbiter_2,722220,722760
rover_orbiter,rover_2,orbiter_2,761010,761580
rover_orbiter,rover_2,orbiter_2,768270,768390
rover_orbiter,rover_2,orbiter_2,807150,807840
rover_orbiter,rover_2,orbiter_2,853020,853680
rover_orbiter,rover_2,orbiter_2,892440,892590
rover_orbiter,rover_2,orbiter_2,899280,899820
rover_orbiter,rover_2,orbiter_2,938100,938610
rover_orbiter,rover_2,orbiter_2,945270,945510
rover_orbiter,rover_2,orbiter_2,984240,984900
rover_orbiter,rover_2,orbiter_2,1030080,1030740
rover_orbiter,rover_2,orbiter_2,1076340,1076910
rover_orbiter,rover_2,orbiter_2,1115160,1115670
rover_orbiter,rover_2,orbiter_2,1122300,1122630
rover_orbiter,rover_2,orbiter_2,1161300,1161960
rover_orbiter,rover_2,orbiter_2,1207140,1207830
rover_orbiter,rover_2,orbiter_2,1253370,1253970
rover_orbiter,rover_2,orbiter_2,1292250,1292730
rover_orbiter,rover_2,orbiter_2,1299330,1299720
rover_orbiter,rover_2,orbiter_2,1338360,1339020
rover_orbiter,rover_2,orbiter_2,1384200,1384890
rover_orbiter,rover_2,orbiter_2,1430430,1431060
rover_orbiter,rover_2,orbiter_2,1469340,1469760
rover_orbiter,rover_2,orbiter_2,1476390,1476810
rover_orbiter,rover_2,orbiter_2,1515450,1516080
rover_orbiter,rover_2,orbiter_2,1561260,1561950
rover_orbiter,rover_2,orbiter_2,1607490,1608120
rover_orbiter,rover_2,orbiter_2,1646430,1646790
rover_orbiter,rover_2,orbiter_2,1653420,1653870
rover_orbiter,rover_2,orbiter_2,1692510,1693140
rover_orbiter,rover_2,orbiter_2,1738320,1739010
rover_orbiter,rover_2,orbiter_2,1784550,1785210
rover_orbiter,rover_2,orbiter_2,1823520,1823820
rover_orbiter,rover_2,orbiter_2,1830480,1830960
rover_orbiter,rover_2,orbiter_2,1869570,1870200
rover_orbiter,rover_2,orbiter_2,1915380,1916070
rover_orbiter,rover_2,orbiter_2,1961610,1962270
rover_orbiter,rover_2,orbiter_2,2000640,2000850
rover_orbiter,rover_2,orbiter_2,2007510,2008050
rover_orbiter,rover_2,orbiter_2,2046660,2047230
rover_orbiter,rover_2,orbiter_2,2092470,2093130
rover_orbiter,rover_2,orbiter_2,2138670,2139330
rover_orbiter,rover_2,orbiter_2,2177760,2177850
rover_orbiter,rover_2,orbiter_2,2184570,2185110
rover_orbiter,rover_2,orbiter_2,2223720,2224290
rover_orbiter,rover_2,orbiter_2,2269530,2270190
rover_orbiter,rover_2,orbiter_2,2315730,2316390
rover_orbiter,rover_2,orbiter_2,2361630,2362200
rover_orbiter,rover_2,orbiter_2,2400810,2401350
rover_orbiter,rover_2,orbiter_2,2408010,2408220
rover_orbiter,rover_2,orbiter_2,2446590,2447250
rover_orbiter,rover_2,orbiter_2,2492790,2493480
rover_orbiter,rover_2,orbiter_2,2538660,2539260
rover_orbiter,rover_2,orbiter_2,2577900,2578410
rover_orbiter,rover_2,orbiter_2,2585040,2585310
rover_orbiter,rover_2,orbiter_3,12180,12780
rover_orbiter,rover_2,orbiter_3,51060,51480
rover_orbiter,rover_2,orbiter_3,58110,58530
rover_orbiter,rover_2,orbiter_3,97170,97800
rover_orbiter,rover_2,orbiter_3,142980,143670
rover_orbiter,rover_2,orbiter_3,189210,189840
rover_orbiter,rover_2,orbiter_3,228150,228540
rover_orbiter,rover_2,orbiter_3,235140,235620
rover_orbiter,rover_2,orbiter_3,274230,274860
rover_orbiter,rover_2,orbiter_3,320040,320730
rover_orbiter,rover_2,orbiter_3,366270,366930
rover_orbiter,rover_2,orbiter_3,405240,405570
rover_orbiter,rover_2,orbiter_3,412200,412680
rover_orbiter,rover_2,orbiter_3,451320,451920
rover_orbiter,rover_2,orbiter_3,497130,497790
rover_orbiter,rover_2,orbiter_3,543330,543990
rover_orbiter,rover_2,orbiter_3,582360,582600
rover_orbiter,rover_2,orbiter_3,589260,589770
rover_orbiter,rover_2,orbiter_3,628380,628980
rover_orbiter,rover_2,orbiter_3,674190,674850
rover_orbiter,rover_2,orbiter_3,720390,721050
rover_orbiter,rover_2,orbiter_3,759480,759600
rover_orbiter,rover_2,orbiter_3,766290,766860
rover_orbiter,rover_2,orbiter_3,805470,806040
rover_orbiter,rover_2,orbiter_3,851250,851910
rover_orbiter,rover_2,orbiter_3,897450,898140
rover_orbiter,rover_2,orbiter_3,943350,943920
rover_orbiter,rover_2,orbiter_3,982530,983070
rover_orbiter,rover_2,orbiter_3,989760,989940
rover_orbiter,rover_2,orbiter_3,1028310,1028970
rover_orbiter,rover_2,orbiter_3,1074510,1075200
rover_orbiter,rover_2,orbiter_3,1120410,1121010
rover_orbiter,rover_2,orbiter_3,1159620,1160130
rover_orbiter,rover_2,orbiter_3,1166760,1167060
rover_orbiter,rover_2,orbiter_3,1205400,1206030
rover_orbiter,rover_2,orbiter_3,1251570,1252260
rover_orbiter,rover_2,orbiter_3,1297470,1298070
rover_orbiter,rover_2,orbiter_3,1336710,1337190
rover_orbiter,rover_2,orbiter_3,1343790,1344150
rover_orbiter,rover_2,orbiter_3,1382460,1383090
rover_orbiter,rover_2,orbiter_3,1428630,1429320
rover_orbiter,rover_2,orbiter_3,1474500,1475160
rover_orbiter,rover_2,orbiter_3,1513770,1514220
rover_orbiter,rover_2,orbiter_3,1520850,1521240
rover_orbiter,rover_2,orbiter_3,1559520,1560150
rover_orbiter,rover_2,orbiter_3,1605720,1606380
rover_orbiter,rover_2,orbiter_3,1651560,1652220
rover_orbiter,rover_2,orbiter_3,1690860,1691250
rover_orbiter,rover_2,orbiter_3,1697880,1698330
rover_orbiter,rover_2,orbiter_3,1736610,1737210
rover_orbiter,rover_2,orbiter_3,1782780,1783470
rover_orbiter,rover_2,orbiter_3,1828620,1829280
rover_orbiter,rover_2,orbiter_3,1867950,1868310
rover_orbiter,rover_2,orbiter_3,1874940,1875420
rover_orbiter,rover_2,orbiter_3,1913670,1914270
rover_orbiter,rover_2,orbiter_3,1959840,1960530
rover_orbiter,rover_2,orbiter_3,2005680,2006370
rover_orbiter,rover_2,orbiter_3,2045040,2045340
rover_orbiter,rover_2,orbiter_3,2051970,2052480
rover_orbiter,rover_2,orbiter_3,2090760,2091330
rover_orbiter,rover_2,orbiter_3,2098050,2098080
rover_orbiter,rover_2,orbiter_3,2136900,2137590
rover_orbiter,rover_2,orbiter_3,2182740,2183430
rover_orbiter,rover_2,orbiter_3,2222160,2222340
rover_orbiter,rover_2,orbiter_3,2229030,2229570
rover_orbiter,rover_2,orbiter_3,2267820,2268360
rover_orbiter,rover_2,orbiter_3,2275020,2275230
rover_orbiter,rover_2,orbiter_3,2313960,2314650
rover_orbiter,rover_2,orbiter_3,2359800,2360490
rover_orbiter,rover_2,orbiter_3,2406060,2406630
rover_orbiter,rover_2,orbiter_3,2444910,2445420
rover_orbiter,rover_2,orbiter_3,2452050,2452350
rover_orbiter,rover_2,orbiter_3,2491050,2491710
rover_orbiter,rover_2,orbiter_3,2536860,2537550
rover_orbiter,rover_2,orbiter_3,2583120,2583720
